Country Code,Name,Location,System ID,URL,Auto-Discovery URL
AE,ADCB Bikeshare,"Abu Dhabi, AE",ABU,https://www.bikeshare.ae/,https://api-core.bikeshare.ae/gbfs/gbfs.json
AE,Careem BIKE,"Dubai, AE",careem_bike,https://www.careem.com/en-ae/careem-bike/,https://dubai.publicbikesystem.net/ube/gbfs/v1/
AR,Ecobici,"Buenos Aires, AR",bike_buenosaires,https://www.buenosaires.gob.ar/ecobici,https://buenosaires.publicbikesystem.net/ube/gbfs/v1/
AR,MiBiciTuBici,"Rosario, Santa Fe, AR",biketobike,https://www.mibicitubici.gob.ar/,https://www.mibicitubici.gob.ar/opendata/gbfs.json
AR,Movo Buenos Aires,"Buenos Aires, AR",movo_bue,https://movo.me/ar,https://gbfs.movo.me/v1/buenosaires/gbfs.json
AT,city bike Linz,"Linz, AT",nextbike_al,https://citybikelinz.at/,https://gbfs.nextbike.net/maps/gbfs/v2/nextbike_al/gbfs.json
AT,nextbike Austria,"Salzburg, AT",nextbike_at,https://www.nextbike.at/de/,https://gbfs.nextbike.net/maps/gbfs/v2/nextbike_at/gbfs.json
AT,nextbike Burgenland Austria,"Neusiedler See, AT",nextbike_na,https://www.nextbike.at/de/burgenland/,https://gbfs.nextbike.net/maps/gbfs/v2/nextbike_na/gbfs.json
AT,nextbike Klagenfurt Austria,"Klagenfurt, AT",nextbike_ka,https://www.nextbike.at/de/klagenfurt/,https://gbfs.nextbike.net/maps/gbfs/v2/nextbike_ka/gbfs.json
AT,nextbike Niederösterreich Austria,"Niederosterreich, AT",nextbike_la,https://www.nextbike.at/de/,https://gbfs.nextbike.net/maps/gbfs/v2/nextbike_la/gbfs.json
AT,nextbike Tirol Austria,"Serfaus, AT",nextbike_ta,https://www.serfaus.gv.at/,https://gbfs.nextbike.net/maps/gbfs/v2/nextbike_ta/gbfs.json
AT,Stadtrad Innsbruck Austria,"Innsbruck, AT",nextbike_si,https://stadtrad.ivb.at/,https://gbfs.nextbike.net/maps/gbfs/v2/nextbike_si/gbfs.json
AW,Greenbike Aruba,"Aruba, AW",greenbike_aruba,http://greenbikearuba.com,https://aru.publicbikesystem.net/ube/gbfs/v1/
BA,BL bike,"Banja Luka, BA",nextbike_bj,https://www.nextbike.ba/sr/banjaluka/,https://gbfs.nextbike.net/maps/gbfs/v2/nextbike_bj/gbfs.json
BA,Sarajevo Bosnia and Herzegovina,"Sarajevo, BA",nextbike_ba,https://www.nextbike.ba/bs/sarajevo/,https://gbfs.nextbike.net/maps/gbfs/v2/nextbike_ba/gbfs.json
BA,Zenica,"Zenica, BA",nextbike_bz,https://www.nextbike.ba/bs/zenica/,https://gbfs.nextbike.net/maps/gbfs/v2/nextbike_bz/gbfs.json
BE,Bird Antwerp,"Antwerp, BE",bird-antwerp,https://www.bird.co,https://mds.bird.co/gbfs/antwerp/gbfs.json
BE,Donkey Republic Ghent,"Ghent, BE",donkey_gh,https://www.donkey.bike/cities/bike-rental-ghent/,https://stables.donkey.bike/api/public/gbfs/donkey_gh/gbfs.json
BE,Pony Brussels,"Brussels, BE",pony_brussels,https://getapony.com,https://gbfs.getapony.com/v1/brussels/en/system_information.json
BE,Pony Liège,"Liège, BE",pony_liège,https://getapony.com,https://gbfs.getapony.com/v1/liege/en/gbfs.json
BR,Bike Itaú - Pernambuco,"Recife, BR",bike_pe,https://bikeitau.com.br/bikepe,https://rec.publicbikesystem.net/ube/gbfs/v1/
BR,Bike Itaú - Poa,"Porto Alegre, BR",bike_poa,https://bikeitau.com.br/bikepoa,https://poa.publicbikesystem.net/ube/gbfs/v1/
BR,Bike Itaú - Rio,"Rio de Janeiro, BR",bike_rio,https://bikeitau.com.br/bikerio/,https://riodejaneiro.publicbikesystem.net/ube/gbfs/v1/
BR,Bike Itaú - Riviera,"Riviera, BR",rivi_bike,https://www.rivieradesaolourenco.com/rivibike-2/,https://riviera.publicbikesystem.net/ube/gbfs/v1/
BR,Bike Itaú - Salvador,"Salvador, BR",bike_salvador,https://bikeitau.com.br/bikesalvador/,https://salvador.publicbikesystem.net/ube/gbfs/v1/
BR,Bike Itaú - Sampa,"São Paulo, BR",bike_sampa,https://bikeitau.com.br/bikesampa,https://saopaulo.publicbikesystem.net/ube/gbfs/v1/
BR,Bike VV,"Vila Velha, BR",bike_vv,https://www.bikevv.com.br/,https://vilavelha.publicbikesystem.net/ube/gbfs/v1/
CA,Accès Vélo,"Saguenay, QC",saguenay_bike,https://sts.saguenay.ca/infos-pratiques/acces-velo-1/acces-velo,https://saguenay.publicbikesystem.net/ube/gbfs/v1/
CA,Bike Share Toronto,"Toronto, ON",bike_share_toronto,https://www.bikesharetoronto.com/,https://tor.publicbikesystem.net/ube/gbfs/v1/
CA,Bird Calgary,"Calgary, CA",bird-calgary,https://www.bird.co,https://mds.bird.co/gbfs/calgary/gbfs.json
CA,Bird Edmonton,"Edmonton, CA",bird-edmonton,https://www.bird.co,https://mds.bird.co/gbfs/edmonton/gbfs.json
CA,Bird Ottawa,"Ottawa, CA",bird-ottawa,https://www.bird.co,https://mds.bird.co/gbfs/ottawa/gbfs.json
CA,BIXI-Montreal,"Montreal, QC",Bixi_MTL,https://www.bixi.com/,https://gbfs.velobixi.com/gbfs/gbfs.json
CA,HOPR Vancouver,"Vancouver, BC, CA",22,https://gohopr.com/,https://gbfs.hopr.city/api/gbfs/22/
CA,Lime Calgary,"Calgary, CA",lime_calgary,https://www.li.me/,https://data.lime.bike/api/partners/v1/gbfs/calgary/gbfs.json
CA,Lime Edmonton,"Edmontan, CA",lime_edmonton,https://www.li.me/,https://data.lime.bike/api/partners/v1/gbfs/edmonton/gbfs.json
CA,Lime Ottawa,"Ottowa, CA",lime_ottawa,https://www.li.me/,https://data.lime.bike/api/partners/v1/gbfs/ottawa/gbfs.json
CA,Mobi Bike Share,"Vancouver, BC",mobi_bikes,https://www.mobibikes.ca/,https://vancouver-gbfs.smoove.pro/gbfs/gbfs.json
CA,Roll Calgary,"Calgary, CA",roll_technologies_ca,https://rollscooters.com,https://data.rollapi.com/v1/gbfs/calgary/gbfs.json
CA,Roll Kelowna,"Kelowna, CA",roll_technologies_ca,https://rollscooters.com,https://data.rollapi.com/v1/gbfs/kelowna/gbfs.json
CA,Roll Ottawa,"Ottowa, CA",roll_technologies_ca,https://rollscooters.com,https://data.rollapi.com/v1/gbfs/ottawa/gbfs.json
CA,Sobi Hamilton,"Hamilton Ontario, ON",sobi_hamilton,https://hamilton.socialbicycles.com/,https://hamilton.socialbicycles.com/opendata/gbfs.json
CH,Donkey Republic Geneva,"Geneva, CH",donkey_ge,https://www.donkey.bike/cities/bike-rental-geneva/,https://stables.donkey.bike/api/public/gbfs/donkey_ge/gbfs.json
CH,Donkey Republic Le Locle,"Le Locle, CH",donkey_le_locle,https://www.donkey.bike/cities/bike-rental-le-locle/,https://stables.donkey.bike/api/public/gbfs/donkey_le_locle/gbfs.json
CH,Donkey Republic Neuchâtel,"Neuchâtel, CH",donkey_neuchatel,https://www.donkey.bike/cities/bike-rental-neuchatel/,https://stables.donkey.bike/api/public/gbfs/donkey_neuchatel/gbfs.json
CH,Donkey Republic Sion,Sion,"donkey_sion, CH",https://www.donkey.bike/cities/bike-rental-sion/,https://stables.donkey.bike/api/public/gbfs/donkey_sion/gbfs.json
CH,Donkey Republic Thun,Thun,"donkey_thun, CH",https://www.donkey.bike/cities/bike-rental-thun/,https://stables.donkey.bike/api/public/gbfs/donkey_thun/gbfs.json
CH,Donkey Republic Yverdon-les-Bains,"Yverdon Les Bains, CH",donkey_yverdon-les-bains,https://www.donkey.bike/cities/bike-rental-yverdon-les-bains/,https://stables.donkey.bike/api/public/gbfs/donkey_yverdon-les-bains/gbfs.json
CH,nextbike Switzerland,"Switzerland, CH",nextbike_ch,https://www.nextbike.ch/de/,https://gbfs.nextbike.net/maps/gbfs/v2/nextbike_ch/gbfs.json
CH,sharedmobility.ch, "Switzerland, CH",sharedmobility.ch,https://www.sharedmobility.ch/info,https://www.sharedmobility.ch/gbfs.json
CL,Bike Itaú - Santiago,"Santiago, CL",bike_santiago,https://www.bikesantiago.cl/,https://santiago.publicbikesystem.net/ube/gbfs/v1/
CL,MOVO Vitacura,"Vitacura, CL",movo_scl,https://movo.me/cl/,https://gbfs.movo.me/v1/vitacura/gbfs.json
CO,VOOM Bogotá,"Bogotá, CO",movo_bog,https://voom.com.co/,https://gbfs.movo.me/v1/bogota/gbfs.json
CO,VOOM Medellín,"Medellín, CO",movo_mde,https://voom.com.co/,https://gbfs.movo.me/v1/medellin/gbfs.json
CY,nextbike Cyprus,"CY",nextbike_cy,https://www.nextbike.com.cy/el/,https://gbfs.nextbike.net/maps/gbfs/v2/nextbike_cy/gbfs.json
CY,Velespeed,"Nicosia, CY",velespeed,https://en.velespeed.net/,https://nicosia.publicbikesystem.net/ube/gbfs/v1/
CZ,nextbike Berounsko,"Berounsko, CZ",nextbike_td,https://www.nextbikeczech.com/,https://gbfs.nextbike.net/maps/gbfs/v2/nextbike_td/gbfs.json
CZ,nextbike Brno,"Brno, CZ",nextbike_te,https://www.nextbikeczech.com/,https://gbfs.nextbike.net/maps/gbfs/v2/nextbike_te/gbfs.json
CZ,nextbike Frýdek-Místek,"Frýdek-Místek, CZ",nextbike_ts,https://www.nextbikeczech.com/,https://gbfs.nextbike.net/maps/gbfs/v2/nextbike_ts/gbfs.json
CZ,nextbike Havířov,"Havířov, CZ",nextbike_th,https://www.nextbikeczech.com/,https://gbfs.nextbike.net/maps/gbfs/v2/nextbike_th/gbfs.json
CZ,nextbike Hradec Králové,"Hradec Králové, CZ",nextbike_tl,https://www.nextbikeczech.com/,https://gbfs.nextbike.net/maps/gbfs/v2/nextbike_tl/gbfs.json
CZ,nextbike Kladno,"Kladno, CZ",nextbike_tk,https://www.nextbikeczech.com/,https://gbfs.nextbike.net/maps/gbfs/v2/nextbike_tk/gbfs.json
CZ,nextbike Mladoboleslavsko,"CZ",nextbike_tq,https://www.nextbikeczech.com/,https://gbfs.nextbike.net/maps/gbfs/v2/nextbike_tq/gbfs.json
CZ,nextbike Olomouc,"Olomouc, CZ",nextbike_ti,https://www.nextbikeczech.com/,https://gbfs.nextbike.net/maps/gbfs/v2/nextbike_ti/gbfs.json
CZ,nextbike Opava,"Opava, CZ",nextbike_tj,https://www.nextbikeczech.com/,https://gbfs.nextbike.net/maps/gbfs/v2/nextbike_tj/gbfs.json
CZ,nextbike Ostrava,"Ostrava, CZ",nextbike_to,https://www.nextbikeczech.com/,https://gbfs.nextbike.net/maps/gbfs/v2/nextbike_to/gbfs.json
CZ,nextbike Pardubice,"Pardubice, CZ",nextbike_tm,https://www.nextbikeczech.com/,https://gbfs.nextbike.net/maps/gbfs/v2/nextbike_tm/gbfs.json
CZ,nextbike Praha,"Praha, CZ",nextbike_tg,https://www.nextbikeczech.com/,https://gbfs.nextbike.net/maps/gbfs/v2/nextbike_tg/gbfs.json
CZ,nextbike Prostejov,"Prostejov, CZ",nextbike_cz,https://www.nextbikeczech.com/,https://gbfs.nextbike.net/maps/gbfs/v2/nextbike_cz/gbfs.json
CZ,nextbike Uherské Hradiště,"Uherské Hradiště, CZ",nextbike_tt,https://www.nextbikeczech.com/,https://gbfs.nextbike.net/maps/gbfs/v2/nextbike_tt/gbfs.json
DE,Airbus,"Hamburg Finkenwerder, DE",nextbike_ab,https://www.nextbike.de/de/,https://gbfs.nextbike.net/maps/gbfs/v2/nextbike_ab/gbfs.json
DE,Bergisches e-Bike,"Bergisches e-Bike, DE",nextbike_ac,https://www.nextbike.de/de/bergisches-ebike/,https://gbfs.nextbike.net/maps/gbfs/v2/nextbike_ac/gbfs.json
DE,Berlin-Buch Campus,"Berlin-Buch, DE",nextbike_cb,https://www.nextbike.de/de/berlin-buch/,https://gbfs.nextbike.net/maps/gbfs/v2/nextbike_cb/gbfs.json
DE,Bonn nextbike,"Bonn, DE",nextbike_bf,https://www.nextbike.de/de/bonn/,https://gbfs.nextbike.net/maps/gbfs/v2/nextbike_bf/gbfs.json
DE,Donkey Republic Berlin,"Berlin, DE",donkey_berlin,https://www.donkey.bike/cities/bike-rental-berlin/,https://stables.donkey.bike/api/public/gbfs/donkey_berlin/gbfs.json
DE,Donkey Republic Freiburg,"Freiburg, DE",donkey_freiburg,https://www.donkey.bike/cities/bike-rental-freiburg/,https://stables.donkey.bike/api/public/gbfs/donkey_freiburg/gbfs.json
DE,Donkey Republic Munich,"Munich, DE",donkey_munich,https://www.donkey.bike/cities/bike-rental-munich/,https://stables.donkey.bike/api/public/gbfs/donkey_munich/gbfs.json
DE,flowBie Siggi,"Bielefeld, DE",nextbike_dg,https://www.nextbike.de/de/bielefeld/,https://gbfs.nextbike.net/maps/gbfs/v2/nextbike_dg/gbfs.json
DE,Frelo Freiburg,"Freiburg, DE",nextbike_df,https://www.frelo-freiburg.de/de/,https://gbfs.nextbike.net/maps/gbfs/v2/nextbike_df/gbfs.json
DE,Graben - ready4green,"Graben, DE",nextbike_da,https://www.nextbike.de/de/ready4green/,https://gbfs.nextbike.net/maps/gbfs/v2/nextbike_da/gbfs.json
DE,KVB Rad Germany,"Köln, DE",nextbike_kg,https://www.kvb-rad.de/de/koeln/,https://gbfs.nextbike.net/maps/gbfs/v2/nextbike_kg/gbfs.json
DE,KVV.nextbike,"DE",nextbike_fg,https://www.kvv-nextbike.de/de/,https://gbfs.nextbike.net/maps/gbfs/v2/nextbike_fg/gbfs.json
DE,Lime Hamburg,"Hamburg, DE",lime_hamburg,https://li.me,https://data.lime.bike/api/partners/v1/gbfs/hamburg/gbfs.json
DE,metropolradruhr Bochum,"Bochum, DE",nextbike_ms,https://www.metropolradruhr.de/de/,https://gbfs.nextbike.net/maps/gbfs/v2/nextbike_ms/gbfs.json
DE,metropolradruhr Germany,"DE",nextbike_mr,https://www.metropolradruhr.de/de/,https://gbfs.nextbike.net/maps/gbfs/v2/nextbike_mr/gbfs.json
DE,MOBIbike,"Dresden, DE",nextbike_dx,https://www.nextbike.de/de/dresden/,https://gbfs.nextbike.net/maps/gbfs/v2/nextbike_dx/gbfs.json
DE,nextbike Berlin,"Berlin, DE",nextbike_bn,https://www.nextbike.de/de/berlin/,https://gbfs.nextbike.net/maps/gbfs/v2/nextbike_bn/gbfs.json
DE,nextbike Düsseldorf,"Düsseldorf, DE",nextbike_dd,https://www.nextbike.de/de/duesseldorf/,https://gbfs.nextbike.net/maps/gbfs/v2/nextbike_dd/gbfs.json
DE,nextbike Erfurt,"Erfurt, DE",nextbike_ef,https://www.nextbike.de/de/erfurt/,https://gbfs.nextbike.net/maps/gbfs/v2/nextbike_ef/gbfs.json
DE,nextbike Frankfurt,"Frankfurt, DE",nextbike_ff,https://www.nextbike.de/de/frankfurt/,https://gbfs.nextbike.net/maps/gbfs/v2/nextbike_ff/gbfs.json
DE,nextbike Gießen,"Gießen, DE",nextbike_ng,https://www.nextbike.de/de/giessen/,https://gbfs.nextbike.net/maps/gbfs/v2/nextbike_ng/gbfs.json
DE,nextbike Gütersloh,"Gütersloh, DE",nextbike_dj,https://www.nextbike.de/de/guetersloh/,https://gbfs.nextbike.net/maps/gbfs/v2/nextbike_dj/gbfs.json
DE,nextbike Hannover,"Hannover, DE",nextbike_dh,https://www.nextbike.de/de/hannover/,https://gbfs.nextbike.net/maps/gbfs/v2/nextbike_dh/gbfs.json
DE,nextbike Kassel,"Kassel, DE",nextbike_dk,https://www.nextbike.de/de/kassel/,https://gbfs.nextbike.net/maps/gbfs/v2/nextbike_dk/gbfs.json
DE,nextbike Lahr (Pedelecs),"Lahr, DE",nextbike_lr,https://www.nextbike.de/de/lahr/,https://gbfs.nextbike.net/maps/gbfs/v2/nextbike_lr/gbfs.json
DE,nextbike Leipzig,"Leipzig, DE",nextbike_le,https://www.nextbike.de/de/leipzig/,https://gbfs.nextbike.net/maps/gbfs/v2/nextbike_le/gbfs.json
DE,nextbike Lippstadt,"Lippstadt, DE",nextbike_li,https://www.nextbike.de/de/lippstadt/,https://gbfs.nextbike.net/maps/gbfs/v2/nextbike_li/gbfs.json
DE,nextbike Marburg,"Marburg, DE",nextbike_nm,https://www.nextbike.de/de/marburg/,https://gbfs.nextbike.net/maps/gbfs/v2/nextbike_nm/gbfs.json
DE,nextbike Norderstedt,"Norderstedt, DE",nextbike_nn,https://www.nextbike.de/de/norderstedt/,https://gbfs.nextbike.net/maps/gbfs/v2/nextbike_nn/gbfs.json
DE,nextbike Offenburg,"Offenburg, DE",nextbike_dl,https://www.nextbike.de/de/offenburg/,https://gbfs.nextbike.net/maps/gbfs/v2/nextbike_dl/gbfs.json
DE,nextbike Quickborn,"Quickborn, DE",nextbike_dq,https://www.nextbike.de/de/quickborn/,https://gbfs.nextbike.net/maps/gbfs/v2/nextbike_dq/gbfs.json
DE,nextbike Rüsselsheim am Main,"Rüsselsheim am Main, DE",nextbike_do,https://www.nextbike.de/de/ruesselsheim/,https://gbfs.nextbike.net/maps/gbfs/v2/nextbike_do/gbfs.json
DE,nextbike Wiesbaden,"Wiesbaden, DE",nextbike_wn,https://www.nextbike.de/de/wiesbaden/,https://gbfs.nextbike.net/maps/gbfs/v2/nextbike_wn/gbfs.json
DE,nextbike Würzburg,"Würzburg, DE",nextbike_dt,https://www.nextbike.de/de/wuerzburg/,https://gbfs.nextbike.net/maps/gbfs/v2/nextbike_dt/gbfs.json
DE,Nibelungen-Bike,"Braunschweig, DE",nextbike_dn,https://www.nextbike.de/de/braunschweig/,https://gbfs.nextbike.net/maps/gbfs/v2/nextbike_dn/gbfs.json
DE,Oeynrad,"Bad Oeynhausen, DE",nextbike_dz,https://www.nextbike.de/de/badoeynhausen/,https://gbfs.nextbike.net/maps/gbfs/v2/nextbike_dz/gbfs.json
DE,Potsdam Rad,"Potsdam, DE",nextbike_dc,https://www.nextbike.de/de/potsdam/,https://gbfs.nextbike.net/maps/gbfs/v2/nextbike_dc/gbfs.json
DE,RSVG-Bike,"RSVG, DE",nextbike_rb,https://www.nextbike.de/de/rsvg/,https://gbfs.nextbike.net/maps/gbfs/v2/nextbike_rb/gbfs.json
DE,RVK,"RVK-Gesamt, DE",nextbike_dr,https://www.nextbike.de/de/rvk/,https://gbfs.nextbike.net/maps/gbfs/v2/nextbike_dr/gbfs.json
DE,Santander nextbike Mönchengladbach,"Mönchengladbach, DE",nextbike_sn,https://www.nextbike.de/de/moenchengladbach/,https://gbfs.nextbike.net/maps/gbfs/v2/nextbike_sn/gbfs.json
DE,SAP Walldorf,"Walldorf, DE",nextbike_ds,https://www.nextbike.de/de/walldorf/,https://gbfs.nextbike.net/maps/gbfs/v2/nextbike_ds/gbfs.json
DE,Spin Bonn,"Bonn, DE",spin Bonn,https://www.spin.pm,https://gbfs.spin.pm/api/gbfs/v1/Bonn/gbfs
DE,Spin Brühl,"Brühl, DE",spin brühl,https://www.spin.pm,https://gbfs.spin.pm/api/gbfs/v1/br%C3%BChl/gbfs
DE,Spin Cologne,"Cologne, DE",spin cologne,https://www.spin.pm,https://gbfs.spin.pm/api/gbfs/v1/cologne/gbfs
DE,Spin Dortmund,"Dortmund, DE",spin dortmund,https://www.spin.pm,https://gbfs.spin.pm/api/gbfs/v1/dortmund/gbfs
DE,Spin Dulsburg,"Duisburg, DE",spin duisburg,https://www.spin.pm,https://gbfs.spin.pm/api/gbfs/v1/duisburg/gbfs
DE,Spin Essen,"Essen, DE",spin essen,https://www.spin.pm,https://gbfs.spin.pm/api/gbfs/v1/essen/gbfs
DE,Spin Frechen,"Frechen, DE",spin frechen,https://www.spin.pm,https://gbfs.spin.pm/api/gbfs/v1/frechen/gbfs
DE,Spin Gelsenkirchen,"Gelsenkirchen, DE",spin gelsenkirchen,https://www.spin.pm,https://gbfs.spin.pm/api/gbfs/v1/gelsenkirchen/gbfs
DE,Spin Hennef,"Hennef,DE",spin hennef,https://www.spin.pm,https://gbfs.spin.pm/api/gbfs/v1/hennef/gbfs
DE,Spin Herne,"Herne, DE",spin herne,https://www.spin.pm,https://gbfs.spin.pm/api/gbfs/v1/herne/gbfs
DE,Spin Lohmar,"Lohmar, DE",spin lohmar,https://www.spin.pm,https://gbfs.spin.pm/api/gbfs/v1/lohmar/gbfs
DE,Spin Mülheim,"Mülheim DE",spin mulheim,https://www.spin.pm,https://gbfs.spin.pm/api/gbfs/v1/mulheim/gbfs
DE,Spin Recklinghausen,"Recklinghausen, DE",spin recklinghausen,https://www.spin.pm,https://gbfs.spin.pm/api/gbfs/v1/recklinghausen/gbfs
DE,Spin Rheinland,"Rheinland, DE",spin rheinland,https://www.spin.pm,https://gbfs.spin.pm/api/gbfs/v1/rheinland/gbfs
DE,Spin Troisdorf,"Troisdord, DE",spin troisdorf,https://www.spin.pm,https://gbfs.spin.pm/api/gbfs/v1/troisdorf/gbfs
DE,Spin Wesseling,"Wesseling DE",spin wesseling,https://www.spin.pm,https://gbfs.spin.pm/api/gbfs/v1/wesseling/gbfs
DE,Sprottenflotte,"KielRegion, DE",nextbike_sf,https://www.nextbike.de/de/kielregion/,https://gbfs.nextbike.net/maps/gbfs/v2/nextbike_sf/gbfs.json
DE,SWA Rad,"Augsburg, DE",nextbike_ag,https://www.swa-rad.de/de/augsburg/,https://gbfs.nextbike.net/maps/gbfs/v2/nextbike_ag/gbfs.json
DE,UsedomRad Germany,"Usedom, DE",nextbike_ur,https://usedomrad.de/,https://gbfs.nextbike.net/maps/gbfs/v2/nextbike_ur/gbfs.json
DE,VAG_Rad,"Nürnberg, DE",nextbike_dv,https://www.vagrad.de/de/nuernberg/,https://gbfs.nextbike.net/maps/gbfs/v2/nextbike_dv/gbfs.json
DE,VRNnextbike,"DE",nextbike_vn,https://www.vrnnextbike.de/de/,https://gbfs.nextbike.net/maps/gbfs/v2/nextbike_vn/gbfs.json
DE,WK-Bike (Bremen),"Bremen, DE",nextbike_wk,https://www.wk-bike.de/de/bremen/,https://gbfs.nextbike.net/maps/gbfs/v2/nextbike_wk/gbfs.json
DE,wupsiRad Leverkusen,"Leverkusen, DE",nextbike_dw,https://www.wupsirad.de/de/leverkusen/,https://gbfs.nextbike.net/maps/gbfs/v2/nextbike_dw/gbfs.json
DK,Donkey Republic Aalborg,"Aalborg, DK",donkey_aalborg,https://www.donkey.bike/cities/bike-rental-aalborg/,https://stables.donkey.bike/api/public/gbfs/donkey_aalborg/gbfs.json
DK,Donkey Republic Aarhus,"Aarhus, DK",donkey_aarhus,https://www.donkey.bike/cities/bike-rental-aarhus/,https://stables.donkey.bike/api/public/gbfs/donkey_aarhus/gbfs.json
DK,Donkey Republic Bandholm,"Bandholm, DK",donkey_bandholm,https://www.donkey.bike/cities/bike-rental-bandholm/,https://stables.donkey.bike/api/public/gbfs/donkey_bandholm/gbfs.json
DK,Donkey Republic Copenhagen,"Copenhagen, DK",donkey_copenhagen,https://www.donkey.bike/cities/bike-rental-copenhagen/,https://stables.donkey.bike/api/public/gbfs/donkey_copenhagen/gbfs.json
DK,Donkey Republic Frederikshavn,"Frederikshavn, DK",donkey_frederikshavn,https://www.donkey.bike/cities/bike-rental-frederikshavn/,https://stables.donkey.bike/api/public/gbfs/donkey_frederikshavn/gbfs.json
DK,Donkey Republic Glostrup,"Glostrup, DK",donkey_glostrup,https://www.donkey.bike/cities/bike-rental-glostrup/,https://stables.donkey.bike/api/public/gbfs/donkey_glostrup/gbfs.json
DK,Donkey Republic Herning,"Herning, DK",donkey_herning,https://www.donkey.bike/cities/herning/,https://stables.donkey.bike/api/public/gbfs/donkey_herning/gbfs.json
DK,Donkey Republic Klampenborg,"Klampenborg, DK",donkey_klampenborg,https://www.donkey.bike/cities/bike-rental-klampenborg/,https://stables.donkey.bike/api/public/gbfs/donkey_klampenborg/gbfs.json
DK,Donkey Republic Lalandia (Rødby),"Lalandia (Rødby), DK",donkey_lalandia,https://www.donkey.bike/cities/bike-rental-lalandia-rodby/,https://stables.donkey.bike/api/public/gbfs/donkey_lalandia/gbfs.json
DK,Donkey Republic Middelfart,"Middelfart, DK",donkey_middelfart,https://www.donkey.bike/cities/bike-rental-middelfart/,https://stables.donkey.bike/api/public/gbfs/donkey_middelfart/gbfs.json
DK,Donkey Republic Odense,"Odense, DK",donkey_odense,https://www.donkey.bike/cities/bike-rental-odense/,https://stables.donkey.bike/api/public/gbfs/donkey_odense/gbfs.json
DK,Donkey Republic Rødvig,"Rødvig, DK",donkey_roedvig,https://www.donkey.bike/cities/bike-rental-rodvig/,https://stables.donkey.bike/api/public/gbfs/donkey_roedvig/gbfs.json
DK,Donkey Republic Store Heddinge,"Store Heddinge, DK",donkey_store_heddinge,https://www.donkey.bike/cities/bike-rental-store-heddinge/,https://stables.donkey.bike/api/public/gbfs/donkey_store_heddinge/gbfs.json
ES,BiciMAD (unofficial),"Madrid, ES",bici_madrid,https://www.bicimad.com/,https://gbfs.bici.madrid/gbfs.json
ES,Bicing,"Barcelona, ES",bike_barcelona,https://www.bicing.barcelona/,https://barcelona.publicbikesystem.net/ube/gbfs/v1/
ES,Bilbaobizi (Bilbao),"Bilbao, ES",nextbike_bo,https://www.bilbaobizi.bilbao.eus/eu/bilbao/,https://gbfs.nextbike.net/maps/gbfs/v2/nextbike_bo/gbfs.json
ES,Bird Madrid,"Madrid, ES",bird-madrid,https://www.bird.co,https://mds.bird.co/gbfs/madrid/gbfs.json
ES,Dbizi,"Donostia, ES",sansebastian,https://www.dbizi.eus,https://sansebastian.publicbikesystem.net/ube/gbfs/v1/
ES,Donkey Republic Barcelona,"Barcelona, ES",donkey_barcelona,https://www.donkey.bike/cities/bike-rental-barcelona/,https://stables.donkey.bike/api/public/gbfs/donkey_barcelona/gbfs.json
ES,ibizi,"Ibiza-City, ES",nextbike_ei,https://www.nextbike.es/es/ibiza/,https://gbfs.nextbike.net/maps/gbfs/v2/nextbike_ei/gbfs.json
ES,Lovesharing (Canary Islands),"ES",nextbike_ls,https://www.lovesharing.com/bikesharing/es/,https://gbfs.nextbike.net/maps/gbfs/v2/nextbike_ls/gbfs.json
ES,Sitycleta (Las Palmas),"Las Palmas de Gran Canaria, ES",nextbike_el,https://www.sitycleta.com/es/laspalmas/,https://gbfs.nextbike.net/maps/gbfs/v2/nextbike_el/gbfs.json
ES,Spin Madrid,"Mardid, ES",spin madrid,https://www.spin.pm,https://gbfs.spin.pm/api/gbfs/v1/Madrid/gbfs
FI,Donkey Republic Hämeenlinna,Hämeenlinna,donkey_haemeenlinna,https://www.donkey.bike/cities/bike-rental-hameenlinna/,https://stables.donkey.bike/api/public/gbfs/donkey_haemeenlinna/gbfs.json
FI,Donkey Republic Hamina,Hamina,donkey_hamina,https://www.donkey.bike/cities/bike-rental-hamina/,https://stables.donkey.bike/api/public/gbfs/donkey_hamina/gbfs.json
FI,Donkey Republic Iisalmi,Iisalmi,donkey_iisalmi,https://www.donkey.bike/cities/bike-rental-iisalmi/,https://stables.donkey.bike/api/public/gbfs/donkey_iisalmi/gbfs.json
FI,Donkey Republic Imatra,Imatra,donkey_imatra,https://www.donkey.bike/cities/bike-rental-imatra/,https://stables.donkey.bike/api/public/gbfs/donkey_imatra/gbfs.json
FI,Donkey Republic Kotka,Kotka,donkey_kotka,https://www.donkey.bike/cities/bike-rental-kotka/,https://stables.donkey.bike/api/public/gbfs/donkey_kotka/gbfs.json
FI,Donkey Republic Kouvola,Kouvola,donkey_kouvola,https://www.donkey.bike/cities/bike-rental-kouvola/,https://stables.donkey.bike/api/public/gbfs/donkey_kouvola/gbfs.json
FI,Donkey Republic Lappeenranta,Lappeenranta,donkey_lappeenranta,https://www.donkey.bike/cities/bike-rental-lappeenranta/,https://stables.donkey.bike/api/public/gbfs/donkey_lappeenranta/gbfs.json
FI,Donkey Republic Mäntsälä,Mäntsälä,donkey_maentsaelae,https://www.donkey.bike/cities/bike-rental-mantsala/,https://stables.donkey.bike/api/public/gbfs/donkey_maentsaelae/gbfs.json
FI,Donkey Republic Porvoo,Porvoo,donkey_porvoo,https://www.donkey.bike/cities/bike-rental-porvoo/,https://stables.donkey.bike/api/public/gbfs/donkey_porvoo/gbfs.json
FR,Bicloo,"Nantes, FR",nantes,https://www.bicloo.nantesmetropole.fr/en/home,https://transport.data.gouv.fr/gbfs/nantes/gbfs.json
FR,CristoLib,"Créteil, Paris, FR",creteil,https://www.cristolib.fr/,https://transport.data.gouv.fr/gbfs/creteil/gbfs.json
FR,C-Vélo,"Clermont-Ferrand, FR",CVelo_FR_Clermont-Ferrand,https://www.c-velo.fr,https://clermont-gbfs.klervi.net/gbfs/gbfs.json
FR,Cy'clic,"Rouen, FR",rouen,http://cyclic.rouen.fr/,https://transport.data.gouv.fr/gbfs/rouen/gbfs.json
FR,Cyclolib,"Carcassonne,FR",carcassonne,https://cyclolib.fr/en,https://gbfs.urbansharing.com/cyclolib.fr/gbfs.json
FR,Donkey Republic Valenciennes,Valenciennes,donkey_valenciennes,https://www.donkey.bike/cities/bike-rental-valenciennes/,https://stables.donkey.bike/api/public/gbfs/donkey_valenciennes/gbfs.json
FR,levélo,"Marseille, FR",marseille,http://www.levelo-mpm.fr/,https://transport.data.gouv.fr/gbfs/marseille/gbfs.json
FR,LE vélo STAR,"Rennes, FR",le_velo_star,https://www.star.fr/le-velo/nos-offres/vls/,https://eu.ftp.opendatasoft.com/star/gbfs/gbfs.json
FR,Libélo,"Valence, FR",libelo,http://www.citea.info/presentation/?rub_code=92,https://valence.publicbikesystem.net/ube/gbfs/v1/
FR,Lime Paris,"Paris, FR",lime_paris,https://li.me/,https://data.lime.bike/api/partners/v1/gbfs/paris/gbfs.json
FR,Optymo Belfort,"Belfort, FR",Optymo_FR_Belfort,https://www.optymo.fr/,https://belfort-gbfs.klervi.net/gbfs/gbfs.json
FR,Pony Angers,"Angers, FR",pony_bordeaux,https://getapony.com/,https://gbfs.getapony.com/v1/angers/en/gbfs.json
FR,Pony Bordeaux,"Bordeaux, FR",pony_bordeaux,https://getapony.com/,https://gbfs.getapony.com/v1/bordeaux/en/gbfs.json
FR,Pony Paris,"Paris, FR",pony_paris,https://getapony.com/,https://gbfs.getapony.com/v1/paris/en/gbfs.json
FR,VCub Bordeaux,"Bordeaux, FR",vcub,https://www.vcub.fr/,https://transport.data.gouv.fr/gbfs/vcub/gbfs.json
FR,Vélam,"Amiens, FR",amiens,http://www.velam.amiens.fr/,https://transport.data.gouv.fr/gbfs/amiens/gbfs.json
FR,Vélhop,"Strasbourg, FR",strasbourg,https://velhop.strasbourg.eu/,https://transport.data.gouv.fr/gbfs/strasbourg/gbfs.json
FR,Vélib' Metropole,"Paris, FR",Paris,https://www.velib-metropole.fr/,https://velib-metropole-opendata.smoove.pro/opendata/Velib_Metropole/gbfs.json
FR,Vélivert,"Saint-Etienne, FR",Velivert_FR_Saint-Etienne,https://www.velivert.fr/,https://saint-etienne-gbfs.klervi.net/gbfs/gbfs.json
FR,VélO2,"Cergy-Pontoise, FR",cergy-pontoise,http://www.velo2.cergypontoise.fr/,https://transport.data.gouv.fr/gbfs/cergy-pontoise/gbfs.json
FR,Vélocéo,"Vannes, FR",Veloceo_FR_Vannes,https://veloceo.kiceo.fr/,https://vannes-gbfs.klervi.net/gbfs/gbfs.json
FR,VéloCité,"Mulhouse, FR",mulhouse,https://www.compte-mobilite.fr/services/velos-en-libre-service/,https://transport.data.gouv.fr/gbfs/mulhouse/gbfs.json
FR,Vélomagg',"Montpellier, FR",montpellier,https://www.tam-voyages.com/presentation/?rub_code=1&thm_id=6,https://transport.data.gouv.fr/gbfs/montpellier/gbfs.json
FR,Vélopop,"Avignon, FR",Vélopop_FR_Avignon,https://www.velopop.fr/,https://avignon-gbfs.klervi.net/gbfs/gbfs.json
FR,VélOstan'lib,"Nancy, FR",nancy,http://www.velostanlib.fr/,https://transport.data.gouv.fr/gbfs/nancy/gbfs.json
FR,VélÔToulouse,"Toulouse, FR",toulouse,http://www.velo.toulouse.fr/,https://transport.data.gouv.fr/gbfs/toulouse/gbfs.json
FR,Vélo'v,"Lyon, FR",lyon,https://velov.grandlyon.com/en/home,https://transport.data.gouv.fr/gbfs/lyon/gbfs.json
FR,V'lille,"Lille,FR",vlille,https://www.ilevia.fr/cms/vlille/,https://transport.data.gouv.fr/gbfs/vlille/gbfs.json
GB,BelfastBikes,"Belfast, GB",nextbike_bu,https://www.belfastbikes.co.uk/en/belfast/,https://gbfs.nextbike.net/maps/gbfs/v2/nextbike_bu/gbfs.json
GB,Beryl - BCP,"Bournemouth, Christchurch, Poole, GB",beryl_bcp,https://www.beryl.cc,https://gbfs.beryl.cc/v2/BCP/gbfs.json
GB,Beryl - Hereford,"Hereford, GB",beryl_hereford,https://www.beryl.cc,https://gbfs.beryl.cc/v2/Hereford/gbfs.json
GB,Beryl - Isle of Wight,"Isle of Wight, GB",beryl_isle_of_wight,https://www.beryl.cc,https://gbfs.beryl.cc/v2/Isle_of_Wight/gbfs.json
GB,Beryl - London,"London, GB",beryl_london,https://www.beryl.cc,https://gbfs.beryl.cc/v2/London/gbfs.json
GB,Beryl - Norwich,"Norwich, GB",beryl_norwich,https://www.beryl.cc,https://gbfs.beryl.cc/v2/Norwich/gbfs.json
GB,Beryl - Watford,"Watford, GB",beryl_watford,https://www.beryl.cc,https://gbfs.beryl.cc/v2/Watford/gbfs.json
GB,Beryl - West Midlands,"West Midlands, GB",beryl_west_midlands,https://www.beryl.cc,https://gbfs.beryl.cc/v2/West_Midlands/gbfs.json
GB,Co-bikes,"Exeter, GB",nextbike_eu,https://www.co-bikes.co.uk/,https://gbfs.nextbike.net/maps/gbfs/v2/nextbike_eu/gbfs.json
GB,Donkey Republic Charlbury,"Charlbury, ",donkey_charlbury,https://www.donkey.bike/cities/bike-rental-charlbury/,https://stables.donkey.bike/api/public/gbfs/donkey_charlbury/gbfs.json
GB,Donkey Republic Cheltenham Spa,Cheltenham Spa,donkey_cheltenham_spa,https://www.donkey.bike/cities/bike-rental-cheltenham-spa/,https://stables.donkey.bike/api/public/gbfs/donkey_cheltenham_spa/gbfs.json
GB,Donkey Republic Cirencester,Cirencester,donkey_cirencester,https://www.donkey.bike/cities/bike-rental-cirencester/,https://stables.donkey.bike/api/public/gbfs/donkey_cirencester/gbfs.json
GB,Donkey Republic Henley On Thames,Henley On Thames,donkey_henley_on_thames,https://www.donkey.bike/cities/bike-rental-henley-on-thames/,https://stables.donkey.bike/api/public/gbfs/donkey_henley_on_thames/gbfs.json
GB,Donkey Republic Kingham,Kingham,donkey_kingham,https://www.donkey.bike/cities/bike-rental-kingham/,https://stables.donkey.bike/api/public/gbfs/donkey_kingham/gbfs.json
GB,Donkey Republic Moreton In Marsh,Moreton In Marsh,donkey_moreton_in_marsh,https://www.donkey.bike/cities/bike-rental-moreton-in-marsh/,https://stables.donkey.bike/api/public/gbfs/donkey_moreton_in_marsh/gbfs.json
GB,Donkey Republic Northleach,Northleach,donkey_northleach,https://www.donkey.bike/cities/bike-rental-northleach/,https://stables.donkey.bike/api/public/gbfs/donkey_northleach/gbfs.json
GB,Donkey Republic Oxford,Oxford,donkey_oxford,https://www.donkey.bike/cities/bike-rental-oxford/,https://stables.donkey.bike/api/public/gbfs/donkey_oxford/gbfs.json
GB,Donkey Republic Plymouth,Plymouth,donkey_plymouth,https://www.donkey.bike/cities/bike-rental-plymouth/,https://stables.donkey.bike/api/public/gbfs/donkey_plymouth/gbfs.json
GB,Donkey Republic Stroud,Stroud,donkey_stroud,https://www.donkey.bike/cities/bike-rental-stroud/,https://stables.donkey.bike/api/public/gbfs/donkey_stroud/gbfs.json
GB,Donkey Republic Tetbury,Tetbury,donkey_tetbury,https://www.donkey.bike/cities/bike-rental-tetbury/,https://stables.donkey.bike/api/public/gbfs/donkey_tetbury/gbfs.json
GB,Donkey Republic The Cotswold Water Park,The Cotswold Water Park,donkey_the_cotswold_water_park,https://www.donkey.bike/cities/bike-rental-the-cotswold-water-park/,https://stables.donkey.bike/api/public/gbfs/donkey_the_cotswold_water_park/gbfs.json
GB,Donkey Republic Whichford,Whichford,donkey_whichford,https://www.donkey.bike/cities/bike-rental-whichford/,https://stables.donkey.bike/api/public/gbfs/donkey_whichford/gbfs.json
GB,Donkey Republic Worthing,Worthing,donkey_worthing,https://www.donkey.bike/cities/bike-rental-worthing/,https://stables.donkey.bike/api/public/gbfs/donkey_worthing/gbfs.json
GB,nextbike Cardiff,"GB",nextbike_uc,https://www.nextbike.co.uk/en/,https://gbfs.nextbike.net/maps/gbfs/v2/nextbike_uc/gbfs.json
GB,nextbike Glasgow,"Glasgow, GB",nextbike_gg,https://www.nextbike.co.uk/en/glasgow/,https://gbfs.nextbike.net/maps/gbfs/v2/nextbike_gg/gbfs.json
GB,nextbike UK,"Stirling, GB",nextbike_uk,https://www.nextbike.co.uk/en/,https://gbfs.nextbike.net/maps/gbfs/v2/nextbike_uk/gbfs.json
GB,nextbike Warwick,"University of Warwick, GB",nextbike_up,https://www.nextbike.co.uk/en/,https://gbfs.nextbike.net/maps/gbfs/v2/nextbike_up/gbfs.json
GB,Pony Oxford,"Oxford, GB",pony_oxford,https://getapony.com,https://gbfs.getapony.com/v1/oxford/en/gbfs.json
GB,Santander Cycles - Brunel,"Brunel University, GB",nextbike_ub,https://www.santandercycles.co.uk/,https://gbfs.nextbike.net/maps/gbfs/v2/nextbike_ub/gbfs.json
GB,Santander Cycles - Milton Keynes,"Milton Keynes, GB",nextbike_ku,https://www.santandercycles.co.uk/,https://gbfs.nextbike.net/maps/gbfs/v2/nextbike_ku/gbfs.json
GB,Santander Cycles - Swansea,"Swansea University, GB",nextbike_uu,https://www.santandercycles.co.uk/,https://gbfs.nextbike.net/maps/gbfs/v2/nextbike_uu/gbfs.json
GB,Spin Basildon,"Basildon, GB",spin basildon,https://www.spin.pm,https://gbfs.spin.pm/api/gbfs/v1/basildon/gbfs
GB,Spin Chelmsford,"Chelmsford, GB",spin chelmsford,https://www.spin.pm,https://gbfs.spin.pm/api/gbfs/v1/chelmsford/gbfs
GB,Spin Clacton,"Clacton-on-Sea, GB",spin clacton,https://www.spin.pm,https://gbfs.spin.pm/api/gbfs/v1/clacton/gbfs
GB,Spin Colchester,"Colchester, GB",spin colchester,https://www.spin.pm,https://gbfs.spin.pm/api/gbfs/v1/colchester/gbfs
GB,Spin Milton Keynes,"Milton Keynes, GB",spin milton_keynes,https://www.spin.pm,https://gbfs.spin.pm/api/gbfs/v1/milton_keynes/gbfs
GB,University of Surrey,"University of Surrey, GB",nextbike_su,https://www.nextbike.co.uk/en/university-of-surrey/,https://gbfs.nextbike.net/maps/gbfs/v2/nextbike_su/gbfs.json
HR,Grad Drniš (Croatia),"Drniš, HR",nextbike_gd,https://www.nextbike.hr/hr/drnis/,https://gbfs.nextbike.net/maps/gbfs/v2/nextbike_gd/gbfs.json
HR,Grad Gospić (Croatia),"Gospić, HR",nextbike_gs,https://www.nextbike.hr/hr/gospic/,https://gbfs.nextbike.net/maps/gbfs/v2/nextbike_gs/gbfs.json
HR,Grad Ivanić-Grad (Croatia),"Ivanic Grad, HR",nextbike_ig,https://www.nextbike.hr/hr/ivanicgrad/,https://gbfs.nextbike.net/maps/gbfs/v2/nextbike_ig/gbfs.json
HR,Grad Karlovac (Croatia),"Karlovac, HR",nextbike_kc,https://www.nextbike.hr/hr/karlovac/,https://gbfs.nextbike.net/maps/gbfs/v2/nextbike_kc/gbfs.json
HR,Grad Makarska (Croatia),"Makarska, HR",nextbike_ma,https://www.nextbike.hr/hr/makarska/,https://gbfs.nextbike.net/maps/gbfs/v2/nextbike_ma/gbfs.json
HR,Grad Metković (Croatia),"Metković, HR",nextbike_cm,https://www.nextbike.hr/hr/metkovic/,https://gbfs.nextbike.net/maps/gbfs/v2/nextbike_cm/gbfs.json
HR,Grad Šibenik (Croatia),"Šibenik, HR",nextbike_bc,https://www.nextbike.hr/hr/sibenik/,https://gbfs.nextbike.net/maps/gbfs/v2/nextbike_bc/gbfs.json
HR,Grad Sisak (Croatia),"Sisak, HR",nextbike_cs,https://www.nextbike.hr/hr/sisak/,https://gbfs.nextbike.net/maps/gbfs/v2/nextbike_cs/gbfs.json
HR,Grad Slavonski Brod (Croatia),"Slavonski Brod, HR",nextbike_sb,https://www.nextbike.hr/hr/slavonskibrod/,https://gbfs.nextbike.net/maps/gbfs/v2/nextbike_sb/gbfs.json
HR,Grad Split (Croatia),"Split , HR",nextbike_gt,https://www.nextbike.hr/hr/split/,https://gbfs.nextbike.net/maps/gbfs/v2/nextbike_gt/gbfs.json
HR,Grad Velika Gorica (Croatia),"Velika Gorica, HR",nextbike_cg,https://www.nextbike.hr/hr/velikagorica/,https://gbfs.nextbike.net/maps/gbfs/v2/nextbike_cg/gbfs.json
HR,Grad Zadar (Croatia),"Zadar, HR",nextbike_zd,https://www.nextbike.hr/hr/zadar/,https://gbfs.nextbike.net/maps/gbfs/v2/nextbike_zd/gbfs.json
HR,Jastrebarsko (Croatia),"Jastrebarsko, HR",nextbike_cj,https://www.nextbike.hr/hr/jastrebarsko/,https://gbfs.nextbike.net/maps/gbfs/v2/nextbike_cj/gbfs.json
HR,nextbike Croatia,"Zagreb, HR",nextbike_hr,https://www.nextbike.hr/hr/,https://gbfs.nextbike.net/maps/gbfs/v2/nextbike_hr/gbfs.json
HR,Općina Brinje (Croatia),"Brinje, HR",nextbike_br,https://www.nextbike.hr/hr/brinje/,https://gbfs.nextbike.net/maps/gbfs/v2/nextbike_br/gbfs.json
HR,Općina Dugopolje (Croatia),"Dugopolje, HR",nextbike_od,https://www.nextbike.hr/hr/dugopolje/,https://gbfs.nextbike.net/maps/gbfs/v2/nextbike_od/gbfs.json
HR,Općina Pitomača (Croatia),"Pitomača, HR",nextbike_se,https://www.nextbike.hr/hr/pitomaca/,https://gbfs.nextbike.net/maps/gbfs/v2/nextbike_se/gbfs.json
HU,Donkey Republic Budapest,"Budapest, HU",donkey_budapest,https://www.donkey.bike/cities/bike-rental-budapest/,https://stables.donkey.bike/api/public/gbfs/donkey_budapest/gbfs.json
IL,Bird Tel Aviv,"Tel Aviv, IL",bird-tel-aviv,https://www.bird.co,https://mds.bird.co/gbfs/tel-aviv/gbfs.json
IL,Lime Tel Aviv,"Tel Aviv, IL",lime_tel_aviv,https://li.me/,https://data.lime.bike/api/partners/v1/gbfs/tel_aviv/gbfs.json
IN,Chartered Bike (Bhopal - India),"Bhopal, IN",nextbike_bi,http://www.charteredbike.in/en/,https://gbfs.nextbike.net/maps/gbfs/v2/nextbike_bi/gbfs.json
IN,Chartered Bike (Ranchi - India),"Ranchi, IN",nextbike_ir,http://www.charteredbike.in/en/,https://gbfs.nextbike.net/maps/gbfs/v2/nextbike_ir/gbfs.json
IN,Smartbike (Hyderabad - India),"Hyderabad, IN",nextbike_hi,https://www.smartbikemobility.com/en/hyderabad/,https://gbfs.nextbike.net/maps/gbfs/v2/nextbike_hi/gbfs.json
IN,Smartbike (Vijayawada - India),"Vijayawada, IN",nextbike_vi,https://www.smartbikemobility.com/en/vijayawada/,https://gbfs.nextbike.net/maps/gbfs/v2/nextbike_vi/gbfs.json
IS,Donkey Republic Reykjavik,Reykjavik,donkey_reykjavik,https://www.donkey.bike/cities/bike-rental-reykjavik/,https://stables.donkey.bike/api/public/gbfs/donkey_reykjavik/gbfs.json
IT,Bird Rome,"Rome, IT",bird-rome,https://www.bird.co,https://mds.bird.co/gbfs/rome/gbfs.json
IT,Helbiz Bari,"Bari, IT",HELBIZ-US,https://helbiz.com,https://api.helbiz.com/admin/reporting/bari/gbfs/gbfs.json
IT,Helbiz Cesena,"Cesena, IT",HELBIZ-US,https://helbiz.com,https://api.helbiz.com/admin/reporting/cesena/gbfs/gbfs.json
IT,Helbiz H-Farm,"H-Farm, IT",HELBIZ-US,https://helbiz.com,https://api.helbiz.com/admin/reporting/h-farm/gbfs/gbfs.json
IT,Helbiz Latina,"Latina, IT",HELBIZ-US,https://helbiz.com,https://api.helbiz.com/admin/reporting/latina/gbfs/gbfs.json
IT,Helbiz Modena,"Modena, IT",HELBIZ-US,https://helbiz.com,https://api.helbiz.com/admin/reporting/modena/gbfs/gbfs.json
IT,Helbiz Napoli,"Napoli, IT",HELBIZ-US,https://helbiz.com,https://api.helbiz.com/admin/reporting/napoli/gbfs/gbfs.json
IT,Helbiz Parma,"Parma, IT",HELBIZ-US,https://helbiz.com,https://api.helbiz.com/admin/reporting/parma/gbfs/gbfs.json
IT,Helbiz Pescara,"Pescara, IT",HELBIZ-US,https://helbiz.com,https://api.helbiz.com/admin/reporting/pescara/gbfs/gbfs.json
IT,Helbiz Pisa,"Pisa,  IT",HELBIZ-US,https://helbiz.com,https://api.helbiz.com/admin/reporting/pisa/gbfs/gbfs.json
IT,Helbiz Rome,"Rome, IT",HELBIZ-US,https://helbiz.com,https://api.helbiz.com/admin/reporting/rome/gbfs/gbfs.json
IT,Helbiz Varona,"Verona, IT",HELBIZ-US,https://helbiz.com,https://api.helbiz.com/admin/reporting/verona/gbfs/gbfs.json
IT,Lime Rome,"Rome, IT",lime_rome,https://li.me,https://data.lime.bike/api/partners/v1/gbfs/rome/gbfs.json
IT,Milan Bikemi,"Milan, IT",milan-bikemi,https://bikemi.com/en,https://gbfs.urbansharing.com/bikemi.com/gbfs.json
IT,Verona Bike,"Verona, IT",verona-bike,https://bikeverona.it/en,https://gbfs.urbansharing.com/bikeverona.it/gbfs.json
LB,bike4all,"Byblos, LB",nextbike_bl,https://www.bikeforall-lb.com/en/,https://gbfs.nextbike.net/maps/gbfs/v2/nextbike_bl/gbfs.json
LI,Donkey Republic Liechtenstein,Liechtenstein,donkey_li,https://www.donkey.bike/cities/,https://stables.donkey.bike/api/public/gbfs/donkey_li/gbfs.json
LV,nextbike LV,"LV",nextbike_lv,https://www.nextbike.lv/,https://gbfs.nextbike.net/maps/gbfs/v2/nextbike_lv/gbfs.json
MC,MonaBike,"Monaco, MC",mona_bike,https://monabike.mc/,https://monaco.publicbikesystem.net/ube/gbfs/v1/
MT,nextbike Malta,"Malta, MT",nextbike_mt,https://www.nextbike.com.mt/en/malta/,https://gbfs.nextbike.net/maps/gbfs/v2/nextbike_mt/gbfs.json
MX,Mibici Guadalajara,"Guadalajara, MX",mibici_guadalajara,https://www.mibici.net/en/,https://guad.publicbikesystem.net/ube/gbfs/v1/
MX,MOVO Guadalajara,"Guadalajara, MX",movo_gdl,https://movo.me/mx/,https://gbfs.movo.me/v1/guadalajara/gbfs.json
MX,YOY - San Luis Potosi,"MX",nextbike_yp,https://www.yoymobility.com/es/,https://gbfs.nextbike.net/maps/gbfs/v2/nextbike_yp/gbfs.json
NL,Cykl,"Wageningen, NL",CKL,https://www.cykl.nl/,https://www.cykl.nl/gbfs/gbfs.json
NL,Donkey Republic Amsterdam,"Amsterdam, NL",donkey_am,https://www.donkey.bike/cities/bike-rental-amsterdam/,https://stables.donkey.bike/api/public/gbfs/donkey_am/gbfs.json
NL,Donkey Republic Rotterdam,"Rotterdam, NL",donkey_rt,https://www.donkey.bike/nl/steden/deelfietsen-rotterdam/,https://stables.donkey.bike/api/public/gbfs/donkey_rt/gbfs.json
NL,Donkey Republic Utrecht,"Utrecht, NL",donkey_ut,https://www.donkey.bike/cities/bike-rental-utrecht/,https://stables.donkey.bike/api/public/gbfs/donkey_ut/gbfs.json
NL,nextbike Dordrecht,"Dordrecht, NL",nextbike_nd,https://www.nextbike.nl/nl/dordrecht/,https://gbfs.nextbike.net/maps/gbfs/v2/nextbike_nd/gbfs.json
NL,NS OV Fiets,"Netherlands",ns_ov_fiets,https://www.ns.nl/en/door-to-door/ov-fiets,http://gbfs.openov.nl/ovfiets/gbfs.json
NO,Bergen City Bike,"Bergen, NO",bergen-city-bike,https://bergenbysykkel.no/en,https://gbfs.urbansharing.com/bergenbysykkel.no/gbfs.json
NO,Oslo City Bike,"Oslo, NO",oslobysykkel,https://oslobysykkel.no/en,https://gbfs.urbansharing.com/oslobysykkel.no/gbfs.json
NO,Trondheim City Bike,"Trondheim, NO",trondheim,https://trondheimbysykkel.no/en,https://gbfs.urbansharing.com/trondheimbysykkel.no/gbfs.json
NZ,Flamingo Aukland,"Aukland, NZ",flamingo_auckland,https://flamingoscooters.com,https://api.flamingoscooters.com/gbfs/auckland/gbfs.json
NZ,Flamingo Christchurch,"Christchurch, NZ",flamingo_christchurch,https://flamingoscooters.com,https://api.flamingoscooters.com/gbfs/christchurch/gbfs.json
NZ,Flamingo Wellington,"Wellington, NZ",flamingo_wellington,https://flamingoscooters.com,https://api.flamingoscooters.com/gbfs/wellington/gbfs.json
NZ,nextbike New Zealand,"NZ",nextbike_nz,https://www.nextbike.co.nz/en/,https://gbfs.nextbike.net/maps/gbfs/v2/nextbike_nz/gbfs.json
PL,Bike_S SRM Poland,"Szczecin, PL",nextbike_sp,https://bikes-srm.pl/,https://gbfs.nextbike.net/maps/gbfs/v2/nextbike_sp/gbfs.json
PL,GRM Grodzisk Poland,"Grodzisk Mazowiecki, PL",nextbike_gp,https://www.rowery.grodzisk.pl/,https://gbfs.nextbike.net/maps/gbfs/v2/nextbike_gp/gbfs.json
PL,Kajteroz - Chorzowski Rower Miejski Poland,"Chorzów, PL",nextbike_pv,https://kajteroz.pl/,https://gbfs.nextbike.net/maps/gbfs/v2/nextbike_pv/gbfs.json
PL,Kołobrzeski Rower Miejski Poland,"Kołobrzeg, PL",nextbike_kr,https://kolobrzeskirower.pl/,https://gbfs.nextbike.net/maps/gbfs/v2/nextbike_kr/gbfs.json
PL,Koło Marek Poland,"Marki, PL",nextbike_mk,https://kolomarek.pl/,https://gbfs.nextbike.net/maps/gbfs/v2/nextbike_mk/gbfs.json
PL,Komornicki System Rowerowy Poland,"Komorniki, PL",nextbike_pa,https://komornickirower.pl/,https://gbfs.nextbike.net/maps/gbfs/v2/nextbike_pa/gbfs.json
PL,Koniński Rower Miejski Poland,"Konin, PL",nextbike_pn,https://koninskirower.pl/,https://gbfs.nextbike.net/maps/gbfs/v2/nextbike_pn/gbfs.json
PL,LRM Lublin Poland,"Lublin, PL",nextbike_ln,https://www.lubelskirower.pl/,https://gbfs.nextbike.net/maps/gbfs/v2/nextbike_ln/gbfs.json
PL,Luboński Rower Miejski Poland,"Luboń, PL",nextbike_pq,https://www.rowerlubon.pl/,https://gbfs.nextbike.net/maps/gbfs/v2/nextbike_pq/gbfs.json
PL,Oleski Rower Miejski Poland,"Olesno, PL",nextbike_pf,https://oleskirower.pl/,https://gbfs.nextbike.net/maps/gbfs/v2/nextbike_pf/gbfs.json
PL,Piaseczyński Rower Miejski Poland,"Piaseczno, PL",nextbike_pi,https://www.piaseczynskirower.pl/,https://gbfs.nextbike.net/maps/gbfs/v2/nextbike_pi/gbfs.json
PL,PRM Poznan Poland,"PL",nextbike_pb,https://poznanskirower.pl/,https://gbfs.nextbike.net/maps/gbfs/v2/nextbike_pb/gbfs.json
PL,Rower Miejski Szamotuły Poland (RMS) Poland,"Szamotuły, PL",nextbike_rm,https://szamotuly.bike/,https://gbfs.nextbike.net/maps/gbfs/v2/nextbike_rm/gbfs.json
PL,Rower Miejski w Ostrowie Wielkopolskim Poland,"Ostrów Wielkopolski, PL",nextbike_po,https://ostrowskirowermiejski.pl/,https://gbfs.nextbike.net/maps/gbfs/v2/nextbike_po/gbfs.json
PL,Rowerowe Łódzkie Poland (RL),"PL",nextbike_pw,https://www.rowerowelodzkie.pl/,https://gbfs.nextbike.net/maps/gbfs/v2/nextbike_pw/gbfs.json
PL,System Legnicki Rower Miejski (SLRM) Poland,"Legnica, PL",nextbike_mp,https://rower.legnica.eu/,https://gbfs.nextbike.net/maps/gbfs/v2/nextbike_mp/gbfs.json
PL,System Roweru Gminnego Poland,"Pielgrzymka, PL",nextbike_pg,https://rowery.pielgrzymka.biz/,https://gbfs.nextbike.net/maps/gbfs/v2/nextbike_pg/gbfs.json
PL,Tarnowski Rower Miejski Poland,"Tarnów, PL",nextbike_tn,https://rower.tarnow.pl/,https://gbfs.nextbike.net/maps/gbfs/v2/nextbike_tn/gbfs.json
PL,VETURILO Poland,"PL",nextbike_vp,https://www.veturilo.waw.pl/,https://gbfs.nextbike.net/maps/gbfs/v2/nextbike_vp/gbfs.json
PL,WRM nextbike Poland,"Wrocław, PL",nextbike_pl,https://www.wroclawskirower.pl/,https://gbfs.nextbike.net/maps/gbfs/v2/nextbike_pl/gbfs.json
PL,Zielonogórski Rower Miejski Poland,"Zielona Góra, PL",nextbike_pm,https://zielonogorskirowermiejski.pl/,https://gbfs.nextbike.net/maps/gbfs/v2/nextbike_pm/gbfs.json
PT,Bird Lisbon,"Lisbon, PT",bird-lisbon,https://www.bird.co,https://mds.bird.co/gbfs/lisbon/gbfs.json
PT,Pony Lisbon,"Lisbon, PT",pony_lisbon,https://getapony.com,https://gbfs.getapony.com/v1/lisbon/en/gbfs.json
RO,Drobeta Velopark,"Drobeta, RO",nextbike_rd,https://www.nextbike.ro/ro/drobeta/,https://gbfs.nextbike.net/maps/gbfs/v2/nextbike_rd/gbfs.json
RO,nextbike Romania,"Focșani, RO",nextbike_nw,https://nextbike.ro/en/foc%C8%99ani/,https://gbfs.nextbike.net/maps/gbfs/v2/nextbike_nw/gbfs.json
RO,Saturn,"Saturn, RO",nextbike_rs,https://www.nextbike.ro/ro/saturn/,https://gbfs.nextbike.net/maps/gbfs/v2/nextbike_rs/gbfs.json
SA,iBike ( Saudi Arabia ),"King Abdullah Economic City, SA",nextbike_sa,https://ibike.kaec.net/,https://gbfs.nextbike.net/maps/gbfs/v2/nextbike_sa/gbfs.json
SC,Just Eat Cycles,"Edinburgh, SC",edinburgh-city-bikes,https://edinburghcyclehire.com/,https://gbfs.urbansharing.com/edinburghcyclehire.com/gbfs.json
SE,Donkey Republic Ängelholm,"Ängelholm, SE",donkey_aengelholm,https://www.donkey.bike/cities/bike-rental-angelholm/,https://stables.donkey.bike/api/public/gbfs/donkey_aengelholm/gbfs.json
SE,Donkey Republic Båstad,"Båstad, SE",donkey_baastad,https://www.donkey.bike/cities/bike-rental-bastad/,https://stables.donkey.bike/api/public/gbfs/donkey_baastad/gbfs.json
SE,Donkey Republic Malmö,"Malmö, SE",donkey_malmoe,https://www.donkey.bike/cities/bike-rental-malmo/,https://stables.donkey.bike/api/public/gbfs/donkey_malmoe/gbfs.json
SE,Donkey Republic Ystad,"Ystad, SE",donkey_ystad,https://www.donkey.bike/cities/bike-rental-ystad/,https://stables.donkey.bike/api/public/gbfs/donkey_ystad/gbfs.json
SE,"Styr & Ställ (Sweden, Göteborg)","Göteborg, SE",nextbike_zg,https://styrochstall.se/sv/,https://gbfs.nextbike.net/maps/gbfs/v2/nextbike_zg/gbfs.json
SI,Nomago Bikes - GO2GO,"Nova Gorica, SI",nextbike_ce,https://bikes.nomago.si/,https://gbfs.nextbike.net/maps/gbfs/v2/nextbike_ce/gbfs.json
SI,NomagoBikes (Slovenia),"SI",nextbike_cn,https://bikes.nomago.si/,https://gbfs.nextbike.net/maps/gbfs/v2/nextbike_cn/gbfs.json
SK,Arriva Nitra Slovakia,"Nitra, SK",nextbike_as,https://arriva.bike/,https://gbfs.nextbike.net/maps/gbfs/v2/nextbike_as/gbfs.json
SK,BikeKIA,"Žilina, SK",nextbike_ak,https://bikekia.sk/,https://gbfs.nextbike.net/maps/gbfs/v2/nextbike_ak/gbfs.json
UA,nextbike (Ukraine),"UA",nextbike_nu,https://www.nextbike.ua/uk/,https://gbfs.nextbike.net/maps/gbfs/v2/nextbike_nu/gbfs.json
UA,nextbike Vinnitsa (Ukraine),"Vinnytsia, UA",nextbike_uv,https://www.nextbike.ua/uk/Vinnytsia/,https://gbfs.nextbike.net/maps/gbfs/v2/nextbike_uv/gbfs.json
US,Austin B-cycle,"Austin, TX",bcycle_austin,http://austinbcycle.com,https://gbfs.bcycle.com/bcycle_austin/gbfs.json
US,Aventura BCycle,"Aventura, FL",bcycle_aventura,https://aventura.bcycle.com,https://gbfs.bcycle.com/bcycle_aventura/gbfs.json
US,Bay Wheels,"San Francisco Bay Area, CA",BA,https://www.baywheels.com/,https://gbfs.baywheels.com/gbfs/gbfs.json
US,Bike Chattanooga,"Chattanooga, TN",bike_chattanooga,http://www.bikechattanooga.com/,https://chat.publicbikesystem.net/ube/gbfs/v1/
US,BikeLNK,"Lincoln, NE",bcycle_bikelnk,https://bikelnk.bcycle.com,https://gbfs.bcycle.com/bcycle_bikelnk/gbfs.json
US,Bikeshare Kona,"Kona, HI",bikeshare_kona,https://hawaiiislandbikeshare.org/,https://kona.publicbikesystem.net/ube/gbfs/v1/
US,BIKETOWN,"Portland, OR",biketown_pdx,https://www.biketownpdx.com/,https://gbfs.biketownpdx.com/gbfs/gbfs.json
US,Biki,"Honolulu, HI",go_biki,https://gobiki.org/,https://hon.publicbikesystem.net/ube/gbfs/v1/
US,Bird Alexandria,"Alexandria, VA",bird-alexandria,https://www.bird.co,https://mds.bird.co/gbfs/alexandria/gbfs.json
US,Bird Chicago,"Chicago, IL",bird-chicago,https://www.bird.co,https://mds.bird.co/gbfs/chicago/gbfs.json
US,Bird Cleveland,"Cleveland, OH",bird-cleveland,https://www.bird.co,https://mds.bird.co/gbfs/cleveland/gbfs.json
US,Bird Columbus,"Columbus, OH",bird-columbus,https://www.bird.co,https://mds.bird.co/gbfs/columbus/gbfs.json
US,Bird Culver City,"Culver City, CA",bird-culver-city,https://www.bird.co,https://mds.bird.co/gbfs/culver-city/gbfs.json
US,Bird Detriot,"Detroit, MI",bird-detroit,https://www.bird.co,https://mds.bird.co/gbfs/detroit/gbfs.json
US,Bird Fairfax,"Fairfax, VA",bird-fairfax,https://www.bird.co,https://mds.bird.co/gbfs/fairfax/gbfs.json
US,Bird Indianapolis,"Indianapolis,IN",bird-indianapolis,https://www.bird.co,https://mds.bird.co/gbfs/indianapolis/gbfs.json
US,Bird Kansas City,"Kansas City, MO",bird-kansas-city,https://www.bird.co,https://mds.bird.co/gbfs/kansas-city/gbfs.json
US,Bird Los Angeles,"Los Angeles, CA",bird-los-angeles,https://www.bird.co,https://mds.bird.co/gbfs/los-angeles/gbfs.json
US,Bird Louisville,"Louisville, KY",bird-louisville,https://www.bird.co,https://mds.bird.co/gbfs/louisville/gbfs.json
US,Bird Portland,"Portland, OR",bird-portland,https://www.bird.co,https://mds.bird.co/gbfs/portland/gbfs.json
US,Bird San Francisco,"San Francisco, CA",bird-san-francisco,https://www.bird.co,https://mds.bird.co/gbfs/san-francisco/gbfs.json
US,Bird Tempe,"Tempe, AZ",bird-tempe,https://www.bird.co,https://mds.bird.co/gbfs/tempe/gbfs.json
US,Bird Washington DC,"Washington, DC",bird-washington-dc,https://www.bird.co,https://mds.bird.co/gbfs/washington-dc/gbfs.json
US,Blue Bikes,"Boston, MA",bluebikes,https://www.bluebikes.com/,https://gbfs.bluebikes.com/gbfs/gbfs.json
US,Bolt Durham,"Durham, NC",bolt_dur,https://micromobility.com,https://api-lb.micromobility.com/dur/gbfs/en/gbfs.json
US,Bolt Portland,"Portland OR",bolt_ptl,https://micromobility.com,https://bolt.miami/bolt2/ptl/gbfs/gbfs.json
US,Bolt Washington DC,"Washington DC, DC",bolt_dc,https://micromobility.com,https://api-lb.micromobility.com/dc/gbfs/en/gbfs.json
US,Broward B-cycle,"Fort Lauderdale, FL",bcycle_broward,https://broward.bcycle.com,https://gbfs.bcycle.com/bcycle_broward/gbfs.json
US,Bublr Bikes,"Milwaukee, WI",bcycle_bublr,http://bublrbikes.com,https://gbfs.bcycle.com/bcycle_bublr/gbfs.json
US,Capital Bike Share,"Washington, DC",cabi,http://www.capitalbikeshare.com,https://gbfs.capitalbikeshare.com/gbfs/gbfs.json
US,Charlotte B-cycle,"Charlotte, NC",bcycle_charlotte,https://charlotte.bcycle.com,https://gbfs.bcycle.com/bcycle_charlotte/gbfs.json
US,Cincy Red Bike,"Cincinnati, OH",bcycle_cincyredbike,http://www.cincyredbike.org,https://gbfs.bcycle.com/bcycle_cincyredbike/gbfs.json
US,Citi Bike,"NYC, NY",NYC,https://www.citibikenyc.com,https://gbfs.citibikenyc.com/gbfs/gbfs.json
US,Clarksville B-cycle,"Clarksville, TN",bcycle_clarksville,https://clarksville.bcycle.com,https://gbfs.bcycle.com/bcycle_clarksville/gbfs.json
US,Clemson BikeShare,"Clemson, SC",bcycle_clemson,https://clemson.bcycle.com,https://gbfs.bcycle.com/bcycle_clemson/gbfs.json
US,CLEVR Mobility,"Oakland, CA",daecbe87-a9f2-4a5a-b5df-8e3e14180513,https://www.clevrmobility.com/,https://portal.clevrmobility.com/api/gbfs/oakland/en/discovery/
US,Coast Bike Share,"St. Petersburg, FL",coast_bike_share,http://coastbikeshare.com/,http://coast.socialbicycles.com/opendata/gbfs.json
US,CoGo,"Columbus, OH",cogo,http://www.cogobikeshare.com/,https://gbfs.cogobikeshare.com/gbfs/gbfs.json
US,Des Moines B-cycle,"Des Moines, IA",bcycle_desmoines,https://desmoines.bcycle.com,https://gbfs.bcycle.com/bcycle_desmoines/gbfs.json
US,Divvy,"Chicago, IL",divvy,http://www.divvybikes.com/,https://gbfs.divvybikes.com/gbfs/gbfs.json
US,El Paso B-cycle,"El Paso, TX",bcycle_elpaso,https://elpaso.bcycle.com,https://gbfs.bcycle.com/bcycle_elpaso/gbfs.json
US,Explore Bike Share,"Memphis, TN",bcycle_memphis,https://explorebikeshare.bcycle.com,https://gbfs.bcycle.com/bcycle_memphis/gbfs.json
US,Fort Worth Bike Sharing,"Fort Worth, TX",bcycle_fortworth,https://fortworth.bcycle.com,https://gbfs.bcycle.com/bcycle_fortworth/gbfs.json
US,GREENbike,"Salt Lake City, UT",bcycle_greenbikeslc,https://greenbikeslc.org,https://gbfs.bcycle.com/bcycle_greenbikeslc/gbfs.json
US,Greenville B-cycle,"Greenville, SC",bcycle_greenville,https://greenville.bcycle.com,https://gbfs.bcycle.com/bcycle_greenville/gbfs.json
US,Healthy Ride Pittsburgh,"Pittsburgh, US",nextbike_pp,https://healthyridepgh.com/,https://gbfs.nextbike.net/maps/gbfs/v2/nextbike_pp/gbfs.json
US,Heartland B-cycle,"Omaha, NE",bcycle_heartland,https://heartland.bcycle.com,https://gbfs.bcycle.com/bcycle_heartland/gbfs.json
US,Helbiz Alexandria,"Alexandria, VA",HELBIZ-US,https://helbiz.com,https://api.helbiz.com/admin/reporting/alexandria/gbfs/gbfs.json
US,Helbiz Arlington,"Arlington, VA",HELBIZ-US,https://helbiz.com,https://api.helbiz.com/admin/reporting/arlington/gbfs/gbfs.json
US,Helbiz Atlanta,"Atlanta, GA",HELBIZ-US,https://helbiz.com,https://api.helbiz.com/admin/reporting/atlanta/gbfs/gbfs.json
US,Helbiz Miami,"Miami, FL",HELBIZ-US,https://helbiz.com,https://api.helbiz.com/admin/reporting/miami/gbfs/gbfs.json
US,Helbiz Richmond,"Richmond, VA",HELBIZ-US,https://helbiz.com,https://api.helbiz.com/admin/reporting/richmond/gbfs/gbfs.json
US,Helbiz Washington DC,"Washington DC, DC",HELBIZ-US,https://helbiz.com,https://api.helbiz.com/admin/reporting/washington/gbfs/gbfs.json
US,HOPR Arizona,"Pheonix, AZ",17,https://gohopr.com/,https://gbfs.hopr.city/api/gbfs/17/
US,HOPR Atlanta,"Atlanta, GA",20,https://gohopr.com/,https://gbfs.hopr.city/api/gbfs/20/
US,HOPR Freemont,"Freemont, CA",16,https://gohopr.com/,https://gbfs.hopr.city/api/gbfs/16/
US,HOPR Los Angeles,"Los Angeles, CA",10,https://gohopr.com/la/,https://gbfs.hopr.city/api/gbfs/10/
US,HOPR Louisville,"Louisville, KY",19,https://gohopr.com/,https://gbfs.hopr.city/api/gbfs/19/
US,HOPR Margaritaville,"Kissimmee, FL",21,https://gohopr.com/,https://gbfs.hopr.city/api/gbfs/21/
US,HOPR Miami,"Miami, FL",11,https://gohopr.com/,https://gbfs.hopr.city/api/gbfs/11/
US,HOPR Orlando,"Orlando, FL",12,https://gohopr.com/orlando/,https://gbfs.hopr.city/api/gbfs/12/
US,HOPR Rochester-Genesee,"Rochester, NY",32,https://gohopr.com/,https://gbfs.hopr.city/api/gbfs/32/
US,HOPR Tampa,"Tampa, FL",8,https://gohopr.com/tampabay/,https://gbfs.hopr.city/api/gbfs/8/
US,Houston B-cycle,"Houston, TX",bcycle_houston,https://houston.bcycle.com,https://gbfs.bcycle.com/bcycle_houston/gbfs.json
US,Indego,"Philadelphia, PA",bcycle_indego,https://www.rideindego.com,https://gbfs.bcycle.com/bcycle_indego/gbfs.json
US,Indy - Pacers Bikeshare,"Indianapolis, IN",bcycle_pacersbikeshare,https://www.pacersbikeshare.org,https://gbfs.bcycle.com/bcycle_pacersbikeshare/gbfs.json
US,Jackson County,"Jackson, MI",bcycle_jacksoncounty,https://jacksoncounty.bcycle.com,https://gbfs.bcycle.com/bcycle_jacksoncounty/gbfs.json
US,Lime Arlington,"Arlington, VA",lime_arlington,https://www.li.me/,https://data.lime.bike/api/partners/v1/gbfs/arlington/gbfs.json
US,Lime Baltimore,"Baltimore, MD",lime_baltimore,https://www.li.me/,https://data.lime.bike/api/partners/v1/gbfs/baltimore/gbfs.json
US,Lime Chicago,"Chicago, IL",lime_chicago,https://www.li.me/,https://data.lime.bike/api/partners/v1/gbfs/chicago/gbfs.json
US,Lime Cleveland,"Cleveland, OH",lime_cleveland,https://li.me/,https://data.lime.bike/api/partners/v1/gbfs/cleveland/gbfs.json
US,Lime Detroit,"Detroit, MI",lime_detroit,https://www.li.me/,https://data.lime.bike/api/partners/v1/gbfs/detroit/gbfs.json
US,Lime Louisville,"Louisville, KY",lime_louisville,https://www.li.me/,https://data.lime.bike/api/partners/v1/gbfs/louisville/gbfs.json
US,Lime New York,"New York, NY",lime_new_york,https://www.li.me/,https://data.lime.bike/api/partners/v1/gbfs/new_york/gbfs.json
US,Lime Oakland,"Oakland, CA",lime_oakland,https://www.li.me/,https://data.lime.bike/api/partners/v1/gbfs/oakland/gbfs.json
US,Lime Portland,"Portland, OR",lime_portland,https://www.li.me/,https://data.lime.bike/api/partners/v1/gbfs/portland/gbfs.json
US,Lime Providence,"Providence, RI",lime_providence,https://www.li.me,https://data.lime.bike/api/partners/v1/gbfs/providence/gbfs.json
US,Lime San Francisco,"San Francisco, CA",lime_san_francisco,https://li.me,https://data.lime.bike/api/partners/v1/gbfs/san_francisco/gbfs.json
US,Lime Seattle,"Seattle, WA",lime_seattle,https://www.li.me/,https://data.lime.bike/api/partners/v1/gbfs/seattle/gbfs.json
US,Lime Washington DC,"Washington, DC",lime_washington_dc,https://www.li.me/,https://data.lime.bike/api/partners/v1/gbfs/washington_dc/gbfs.json
US,LINK Alexandria,"Alexandria, VA",Link_Alexandria,https://www.link.city,https://wrangler-mds-production.herokuapp.com/gbfs/Alexandria/gbfs.json
US,LINK Oakland,"Oakland, CA",Link_Oakland,https://www.link.city,https://wrangler-mds-production.herokuapp.com/gbfs/Oakland/gbfs.json
US,LINK Seattle,"Seattle, WA",Link_Seattle,https://www.link.city,"https://wrangler-mds-production.herokuapp.com/gbfs/Seattle,%20WA/gbfs.json"
US,Louvelo,"Louisville, KY",Louvelo,https://louvelo.com/,https://lou.publicbikesystem.net/ube/gbfs/v1/
US,Lyft,"Washington, DC",lyft_dca,https://www.lyft.com/scooters/washington-dc,https://s3.amazonaws.com/lyft-lastmile-production-iad/lbs/dca/gbfs.json
US,Lyft Scooters Chicago,"Chicago, IL",chicago,https://www.divvybikes.com,https://s3.amazonaws.com/lyft-lastmile-production-iad/lbs/chi/gbfs.json
US,Lyft Scooters Denver,"Denver, CO",lyft_den,https://www.lyft.com/,https://s3.amazonaws.com/lyft-lastmile-production-iad/lbs/den/gbfs.json
US,Lyft Scooters Los Angeles,"Los Angeles, CA",lyft_lax,https://www.lyft.com/,https://s3.amazonaws.com/lyft-lastmile-production-iad/lbs/lax/gbfs.json
US,Lyft Scooters Miami,"Miami, FL",lyft_mia,https://www.lyft.com/,https://s3.amazonaws.com/lyft-lastmile-production-iad/lbs/mia/gbfs.json
US,Lyft Scooters Minneapolis,"Minneapolis, MN",niceridemn,https://www.lyft.com/,https://s3.amazonaws.com/lyft-lastmile-production-iad/lbs/msp/gbfs.json
US,Lyft Scooters San Diego,"San Diego, CA",lyft_san,https://www.lyft.com/,https://s3.amazonaws.com/lyft-lastmile-production-iad/lbs/san/gbfs.json
US,Madison B-cycle,"Madison, WI",bcycle_madison,https://madison.bcycle.com,https://gbfs.bcycle.com/bcycle_madison/gbfs.json
US,McAllen B-cycle,"McAllen, TX",bcycle_mcallen,https://mcallen.bcycle.com,https://gbfs.bcycle.com/bcycle_mcallen/gbfs.json
US,Metro Bike Share,"Los Angeles, CA",bcycle_lametro,https://bikeshare.metro.net,https://gbfs.bcycle.com/bcycle_lametro/gbfs.json
US,Mogo Detroit,"Detroit, MI",mogo,https://mogodetroit.org/,https://det.publicbikesystem.net/ube/gbfs/v1/
US,Nice Ride Minnesota,"Minneapolis, MN",niceridemn,https://www.niceridemn.com,https://gbfs.niceridemn.com/gbfs/gbfs.json
US,Ojo ,"Austin, TX",ojo,https://ojoelectric.com/,https://api.ojoelectric.com/api/mds/gbfs.json
US,PeaceHealth Rides,"Eugene, OR",peacehealth_rides,https://www.peacehealthrides.com/,https://peacehealthrides.com/opendata/gbfs.json
US,Rad Sharing Fleet,"Seattle, WA",33,https://gohopr.com/,https://gbfs.hopr.city/api/gbfs/33/
US,Razor Tempe,"Tempe, AZ",razor,https://www.razor.com/share/,https://razorapi.net/api/v1/gbfs/Tempe/gbfs.json
US,Razor Washington DC,"Washington DC, DC",razor,https://www.razor.com/share/,https://razorapi.net/api/v1/gbfs/Washington%20DC/gbfs.json
US,Reddy Bikeshare,"Buffalo, NY",reddy_bikeshare,http://reddybikeshare.socialbicycles.com,https://reddybikeshare.socialbicycles.com/opendata/gbfs.json
US,Relay Bike Share,"Atlanta, GA",relay_bike_share,http://relaybikeshare.com/,https://relaybikeshare.socialbicycles.com/opendata/gbfs.json
US,Revel Oakland,"Oakland, CA",revel_oakland,https://gorevel.com/oakland/,https://gbfs.gorevel.com/gbfs/v2/oakland/en/gbfs.json
US,Revel Miami,"Miami, FL",revel_miami,https://gorevel.com/miami/,https://gbfs.gorevel.com/gbfs/v2/miami/en/gbfs.json
US,RTC Bike Share,"Las Vegas, NV",bcycle_rtcbikeshare,https://rtcbikeshare.bcycle.com,https://gbfs.bcycle.com/bcycle_rtcbikeshare/gbfs.json
US,San Antonio B-cycle,"San Antonio, TX",bcycle_sanantonio,https://sanantonio.bcycle.com/,https://gbfs.bcycle.com/bcycle_sanantonio/gbfs.json
US,Santa Barbara BCycle,"Santa Barbara, CA",bcycle_santabarbara,https://santabarbara.bcycle.com,https://gbfs.bcycle.com/bcycle_santabarbara/gbfs.json
US,SBU Wolf Ride Bike Share,"Stony Brook, NY",sbu,https://www.stonybrook.edu/commcms/sustainability/transportation/_Wolf_Ride_Bike_Share/,https://sbu.publicbikesystem.net/ube/gbfs/v1/
US,Spartanburg BCycle,"Spartanburg, SC",bcycle_spartanburg,https://spartanburg.bcycle.com,https://gbfs.bcycle.com/bcycle_spartanburg/gbfs.json
US,Spin Aiken,"Aiken, SC",spin aiken,https://www.spin.pm,https://gbfs.spin.pm/api/gbfs/v1/aiken/gbfs
US,Spin Albuquerque,"Albuquerque, NM",spin albuquerque,https://www.spin.pm,https://gbfs.spin.pm/api/gbfs/v1/albuquerque/gbfs
US,Spin Alexandria,"Alexandria, VA",spin alexandria,https://www.spin.pm,https://gbfs.spin.pm/api/gbfs/v1/alexandria/gbfs
US,Spin Ann Arbor,"Ann Arbor, MI",spin ann_arbor,https://www.spin.pm,https://gbfs.spin.pm/api/gbfs/v1/ann_arbor/gbfs
US,Spin Arkadelphia,"Arkadelphia, VA",spin arkadelphia,https://www.spin.pm,https://gbfs.spin.pm/api/gbfs/v1/arkadelphia/gbfs
US,Spin Arlington,"Arlington, VA",spin arlington,https://www.spin.pm,https://gbfs.spin.pm/api/gbfs/v1/arlington/gbfs
US,Spin Asbury Park,"Asbury Park, NY",spin asbury_park,https://www.spin.pm,https://gbfs.spin.pm/api/gbfs/v1/asbury_park/gbfs
US,Spin Atlanta,"Atlanta, GA",spin atlanta,https://www.spin.pm,https://gbfs.spin.pm/api/gbfs/v1/atlanta/gbfs
US,Spin Austin,"Austin, TX",spin austin,https://www.spin.pm,https://gbfs.spin.pm/api/gbfs/v1/austin/gbfs
US,Spin Baltimore,"Baltimore, MD",spin baltimore,https://www.spin.pm,https://gbfs.spin.pm/api/gbfs/v1/baltimore/gbfs.json
US,Spin Boise,"Boise, ID",spin boise,https://www.spin.pm,https://gbfs.spin.pm/api/gbfs/v1/boise/gbfs
US,Spin Brookline,"Brookline, MA",spin brookline,https://www.spin.pm,https://gbfs.spin.pm/api/gbfs/v1/brookline/gbfs
US,Spin Charlotte,"Charlotte,NC",spin charlotte,https://www.spin.pm,https://gbfs.spin.pm/api/gbfs/v1/charlotte/gbfs
US,Spin Chicago,"Chicago, IL",spin chicago,https://www.spin.pm,https://gbfs.spin.pm/api/gbfs/v1/chicago_territory/gbfs
US,Spin Cleveland,"Cleveland, OH",spin cleveland,https://www.spin.pm,https://gbfs.spin.pm/api/gbfs/v1/cleveland/gbfs
US,Spin Columbus,"Columbus, OH",spin columbus,https://www.spin.pm,https://gbfs.spin.pm/api/gbfs/v1/columbus/gbfs
US,Spin Coral Gables,"Coral Gables, FL",spin coral_gables,https://www.spin.pm,https://gbfs.spin.pm/api/gbfs/v1/coral_gables/gbfs
US,Spin Dayton,"Dayton, OH",spin dayton,https://www.spin.pm,https://gbfs.spin.pm/api/gbfs/v1/dayton/gbfs
US,Spin Denver,"Denver, CO",spin denver,https://www.spin.pm, https://gbfs.spin.pm/api/gbfs/v1/denver/gbfs
US,Spin Detroit,"Detroit, MI",spin detroit,https://www.spin.pm,https://gbfs.spin.pm/api/gbfs/v1/detroit/gbfs
US,Spin Duke,"Durham NS",spin duke,https://www.spin.pm,https://gbfs.spin.pm/api/gbfs/v1/duke/gbfs
US,Spin Durham,"Durham, NC",spin durham,https://www.spin.pm,https://gbfs.spin.pm/api/gbfs/v1/durham/gbfs
US,Spin Edwards Air Force Base,"Edwards, CA",spin edwards_air_force_base,https://www.spin.pm,https://gbfs.spin.pm/api/gbfs/v1/edwards_air_force_base/gbfs
US,Spin Fayetteville,"Fayetteville, AR",spin fayetteville,https://www.spin.pm,https://gbfs.spin.pm/api/gbfs/v1/fayetteville/gbfs
US,Spin Fort Pierce,"Fort Pierce, FL",spin fort_pierce,https://www.spin.pm,https://gbfs.spin.pm/api/gbfs/v1/fort_pierce/gbfs
US,Spin Grand Rapids,"Grand Rapids, MI",spin grand_rapids,https://www.spin.pm,https://gbfs.spin.pm/api/gbfs/v1/grand_rapids/gbfs
US,Spin Greenville,"Greenville, SC",spin greenville,https://www.spin.pm,https://gbfs.spin.pm/api/gbfs/v1/greenville/gbfs
US,Spin Isla Vista,"Isla Vista, CA",spin isla_vista,https://www.spin.pm,https://gbfs.spin.pm/api/gbfs/v1/isla_vista/gbfs
US,Spin Jacksonville,"Jacksonville, FL", spin jacksonville, https://www.spin.pm,https://gbfs.spin.pm/api/gbfs/v1/jacksonville/gbfs
US,Spin Jefferson City,"Jefferson City, MO",spin jefferson_city,https://www.spin.pm,https://gbfs.spin.pm/api/gbfs/v1/jefferson_city/gbfs
US,Spin Kansas City,"Kansas City, MO",spin kansas_city,https://www.spin.pm,https://gbfs.spin.pm/api/gbfs/v1/kansas_city/gbfs
US,Spin Knoxville,"Knoxville, TN",spin knoxville,https://www.spin.pm,https://gbfs.spin.pm/api/gbfs/v1/knoxville/gbfs
US,Spin Lexington,"Lexington, KY",spin lexington,https://www.spin.pm,https://gbfs.spin.pm/api/gbfs/v1/lexington/gbfs
US,Spin Lincoln,"Lincoln, NB",spin lincoln,https://www.spin.pm,https://gbfs.spin.pm/api/gbfs/v1/lincoln/gbfs
US,Spin Long Beach,"Long Beach, CA",spin long_beach,https://www.spin.pm,https://gbfs.spin.pm/api/gbfs/v1/long_beach/gbfs
US,Spin Los Angeles,"Los Angeles, CA",spin los_angeles,https://www.spin.pm,https://gbfs.spin.pm/api/gbfs/v1/los_angeles/gbfs
US,Spin Louisville,"Louisville, KY",spin louisville,https://www.spin.pm,https://gbfs.spin.pm/api/gbfs/v1/louisville/gbfs
US,Spin Memphis,"Memphis, TN",spin memphis,https://www.spin.pm,https://gbfs.spin.pm/api/gbfs/v1/memphis/gbfs
US,Spin Mesa,"Mesa, AZ",spin mesa,https://www.spin.pm,https://gbfs.spin.pm/api/gbfs/v1/mesa/gbfs
US,Spin Milwaukee,"Milwaukee, WI",spin milwaukee,https://www.spin.pm,https://gbfs.spin.pm/api/gbfs/v1/milwaukee/gbfs
US,Spin Minneapolis,"Minneapolis, MN",spin minneapolis,https://www.spin.pm,https://gbfs.spin.pm/api/gbfs/v1/minneapolis/gbfs
US,Spin Mongomery County,"Mongomery County, MD",spin montgomery_county,https://www.spin.pm,https://gbfs.spin.pm/api/gbfs/v1/montgomery_county/gbfs
US,Spin Nashville,"Nashville, TN",spin nashville,https://www.spin.pm,https://gbfs.spin.pm/api/gbfs/v1/nashville/gbfs
US,Spin Oakland,"Oakland, CA",spin oakland,https://www.spin.pm,https://gbfs.spin.pm/api/gbfs/v2/oakland/gbfs
US,Spin Oakland University,"Rochester, MI",spin oakland_university,https://www.spin.pm,https://gbfs.spin.pm/api/gbfs/v1/oakland_university/gbfs
US,Spin Ohio State,"Columbus, OH",spin ohio_state,https://www.spin.pm,https://gbfs.spin.pm/api/gbfs/v1/ohio_state/gbfs
US,Spin Omaha,"Omaha, NB",spin omaha,https://www.spin.pm,https://gbfs.spin.pm/api/gbfs/v1/omaha/gbfs
US,Spin Orem,"Orem, UT",spin orem,https://www.spin.pm,https://gbfs.spin.pm/api/gbfs/v1/orem/gbfs
US,Spin Orlando,"Orlando, FL",spin orlando,https://www.spin.pm,https://gbfs.spin.pm/api/gbfs/v1/orlando/gbfs
US,Spin Phoenix,"Phoenix, AZ",spin phoenix,https://www.spin.pm,https://gbfs.spin.pm/api/gbfs/v1/phoenix/gbfs
US,Spin Portland,"Portland, OR",spin portland,https://www.spin.pm,https://gbfs.spin.pm/api/gbfs/v1/portland/gbfs
US,Spin Providence,"Providence, RI",spin providence,https://www.spin.pm,https://gbfs.spin.pm/api/gbfs/v1/providence/gbfs
US,Spin Provo,"Provo, UT",spin provo,https://www.spin.pm,https://gbfs.spin.pm/api/gbfs/v1/provo/gbfs
US,Spin Purdue University,"West Lafayette, IN",spin purdue_university,https://www.spin.pm,https://gbfs.spin.pm/api/gbfs/v1/purdue_university/gbfs
US,Spin Sacramento,"Sacramento, CA",spin sacramento,https://www.spin.pm,https://gbfs.spin.pm/api/gbfs/v1/sacramento/gbfs
US,Spin Salem,"Salem, MA",spin salem,https://www.spin.pm,https://gbfs.spin.pm/api/gbfs/v1/salem/gbfs
US,Spin Salt Lake City,"Salt Lake City, UT",spin salt_lake_city,https://www.spin.pm,https://gbfs.spin.pm/api/gbfs/v1/salt_lake_city/gbfs
US,Spin San Antonio,"San Antonio, TX",spin san_antonio,https://www.spin.pm,https://gbfs.spin.pm/api/gbfs/v1/san_antonio/gbfs
US,Spin San Diego,"San Diego, CA",spin san_diego,https://www.spin.pm,https://gbfs.spin.pm/api/gbfs/v1/san_diego/gbfs
US,Spin San Francisco,"San Francisco, CA",spin san_francisco,https://www.spin.pm,https://gbfs.spin.pm/api/gbfs/v1/san_francisco/gbfs
US,Spin San Jose,"San Jose, CA",spin san_jose,https://www.spin.pm,https://gbfs.spin.pm/api/gbfs/v1/san_jose/gbfs
US,Spin San Marcos,"San Marcos, TX",spin san_marcos,https://www.spin.pm,https://gbfs.spin.pm/api/gbfs/v1/san_marcos/gbfs
US,Spin Scottsdale,"Scottsdale, AZ",spin scottsdale,https://www.spin.pm,https://gbfs.spin.pm/api/gbfs/v1/scottsdale/gbfs
US,Spin South Miami,"South Miami, FL",spin south_miami,https://www.spin.pm,https://gbfs.spin.pm/api/gbfs/v1/south_miami/gbfs
US,Spin St George,"St George, UT",spin st_george,https://www.spin.pm,https://gbfs.spin.pm/api/gbfs/v1/st_george/gbfs
US,Spin Stillwater,"Stillwater, OK",spin stillwater,https://www.spin.pm,https://gbfs.spin.pm/api/gbfs/v1/stillwater/gbfs
US,Spin St Louis,"St Louis, MO",spin st_louis,https://www.spin.pm,https://gbfs.spin.pm/api/gbfs/v1/st_louis/gbfs
US,Spin Tallahassee,"Tallahassee, FL",spin tallahassee,https://www.spin.pm,https://gbfs.spin.pm/api/gbfs/v1/tallahassee/gbfs
US,Spin Tampa,"Tampa, FL",spin tampa,https://www.spin.pm,https://gbfs.spin.pm/api/gbfs/v1/tampa/gbfs
US,Spin Tempe,"Tempe, AZ",spin tempe,https://www.spin.pm,https://gbfs.spin.pm/api/gbfs/v1/tempe/gbfs
US,Spin Towson,"Towson, MD",spin towson,https://www.spin.pm,https://gbfs.spin.pm/api/gbfs/v1/towson/gbfs
US,Spin Troy,"Troy, AL",spin troy,https://www.spin.pm,https://gbfs.spin.pm/api/gbfs/v1/troy/gbfs
US,Spin UC San Diego,"San Diego, CA",spin uc_san_diego,https://www.spin.pm,https://gbfs.spin.pm/api/gbfs/v1/uc_san_diego/gbfs
US,Spin University of Central Florida,"Orlando, FL",spin university_of_central_florida,https://www.spin.pm,https://gbfs.spin.pm/api/gbfs/v1/university_of_central_florida/gbfs
US,Spin University of Kentucky,"Lexington, KY",spin university_of_kentucky,https://www.spin.pm,https://gbfs.spin.pm/api/gbfs/v1/university_of_kentucky/gbfs
US,Spin Virginia Tech,"Blackburg, VA",spin virginia_tech,https://www.spin.pm,https://gbfs.spin.pm/api/gbfs/v1/virginia_tech/gbfs
US,Spin Washington DC,"Washington, DC",spin washington_dc,https://www.spin.pm,https://gbfs.spin.pm/api/gbfs/v1/washington_dc/gbfs
US,Spin West Sacramento,"West Sacramento, CA",spin west_sacramento,https://www.spin.pm,https://gbfs.spin.pm/api/gbfs/v1/west_sacramento/gbfs
US,Spin White Center,"White Center, WA",spin white_center,https://www.spin.pm,https://gbfs.spin.pm/api/gbfs/v1/white_center/gbfs
US,Spin Wichita,"Wichita, KS",spin wichita,https://www.spin.pm,https://gbfs.spin.pm/api/gbfs/v1/wichita/gbfs
US,Spin Winston Salem,"Winston Salem, NC",spin winston_salem,https://www.spin.pm,https://gbfs.spin.pm/api/gbfs/v1/winston_salem/gbfs
US,START Bike,"Jackson, WY",bcycle_startbike,https://startbike.bcycle.com,https://gbfs.bcycle.com/bcycle_startbike/gbfs.json
US,Tugo,"Tucson, AZ",tugo,https://tugobikeshare.com/,https://tuc.publicbikesystem.net/ube/gbfs/v1/
US,Valentine Bike Share,"Valentine, NE",bcycle_valentine,https://heartlandbikeshare.org,https://gbfs.bcycle.com/bcycle_valentine/gbfs.json
US,We-cycle,"Aspen, CO",we_cycle,https://www.we-cycle.org/,https://asp.publicbikesystem.net/ube/gbfs/v1/
US,Wheels Austin,"Austin, TX",9f74fa80-fb2f-48dc-b2d8-01a889ac008a,https://takewheels.com/,https://austin-gbfs.getwheelsapp.com/gbfs.json
US,Wheels Dallas,"Dallas, TX",9f74fa80-fb2f-48dc-b2d8-01a889ac008a,https://takewheels.com/,https://dfw-gbfs.getwheelsapp.com/gbfs.json
US,Wheels Los Angeles,"Los Angeles, CA",9f74fa80-fb2f-48dc-b2d8-01a889ac008a,https://takewheels.com/,https://la-gbfs.getwheelsapp.com/gbfs.json
US,Wheels Miami,"Miami, FL",9f74fa80-fb2f-48dc-b2d8-01a889ac008a,https://takewheels.com/,https://mia-gbfs.getwheelsapp.com/gbfs.json
US,Wheels Orlando,"Orlando, FL",9f74fa80-fb2f-48dc-b2d8-01a889ac008a,https://takewheels.com/,https://orlando-gbfs.getwheelsapp.com/gbfs.json
US,Wheels San Diego,"San Diego, CA",9f74fa80-fb2f-48dc-b2d8-01a889ac008a,https://takewheels.com/,https://sandiego-gbfs.getwheelsapp.com/gbfs.json
US,Wheels Tallahassee,"Tallahassee, FL",9f74fa80-fb2f-48dc-b2d8-01a889ac008a,https://takewheels.com/,https://tallahassee-gbfs.getwheelsapp.com/gbfs.json
US,Wheels Tempe,"Tempe, AZ",9f74fa80-fb2f-48dc-b2d8-01a889ac008a,https://takewheels.com/,https://tempe-gbfs.getwheelsapp.com/gbfs.json
